dataloadingdate;ISIN;Libellé;Nombre de Titres;Montant;Echéance;Taux
01/07/2025;TN0008000739;BTA 7,4% Fevrier 2030;1 459;1 500;62;7 600
01/07/2025;TN0008000739;BTA 7,4% Fevrier 2030;291;0 300;183;7 500
01/07/2025;TNMCPXLL1EE2;EMP NAT 2023 T4 CB TV;50 000;5 000;13;8 600
01/07/2025;TNMCPXLL1EE2;EMP NAT 2023 T4 CB TV;10 000;1 000;7;8 600
01/07/2025;TN0008000606;BTA 6,7% Avril 2028;5 660;5 742;31;9 100
01/07/2025;TN0008000812;BTA 7,5% 13/12/2028;929;1 000;30;7 750
01/07/2025;TNX0K9990B08;EMP NAT 2024 T2 CB TF;4 897;0 500;7;8 500
01/07/2025;TNX0K9990B08;EMP NAT 2024 T2 CB TF;78 346;8 000;10;8 500
01/07/2025;TNX0K9990B08;EMP NAT 2024 T2 CB TF;9 794;1 000;314;8 500
01/07/2025;TNX0K9990B08;EMP NAT 2024 T2 CB TF;3 918;0 400;55;8 500
01/07/2025;TNX0K9990B08;EMP NAT 2024 T2 CB TF;19 587;2 000;30;8 500
01/07/2025;TNX0K9990B08;EMP NAT 2024 T2 CB TF;39 173;4 000;30;8 500
01/07/2025;TN0008000721;BTA 7,2% Fevrier 2027;1 001;1 001;183;8 500
01/07/2025;TN0008000721;BTA 7,2% Fevrier 2027;2 001;2 001;183;8 500
01/07/2025;TN0008000762;BTA 8% Novembre 2030;4 065;4 000;30;8 500
01/07/2025;TN0008000762;BTA 8% Novembre 2030;2 033;2 001;30;8 500
01/07/2025;TNMUZFAMCT05;BTCT 52 semaines 14102025;1 535;1 501;30;7 090
01/07/2025;TN0008000663;BTA 7,5% Juillet 2032;2 770;3 000;1;7 500
01/07/2025;TN0008000747;BTA 7,2% Mai 2027;2 267;2 200;10;7 500
01/07/2025;TN0008000895;EMPRUNT NATIONAL 2021 T2 CB;18 700;2 000;1;7 500
01/07/2025;TN0008000747;BTA 7,2% Mai 2027;36 068;34 999;10;7 500
01/07/2025;TNN50G7PX8W5;EMP NAT 2023 T2 CB TV;65 000;6 500;30;9 750
01/07/2025;TN0008000747;BTA 7,2% Mai 2027;10 305;10 000;10;7 500
01/07/2025;TNN50G7PX8W5;EMP NAT 2023 T2 CB TV;55 000;5 500;30;9 750
02/01/2025;TN0008000747;BTA 7,2% Mai 2027;15 065;14 999;88;9 290
02/01/2025;TNRS9CVT3SJ7;EMP NAT 2023 T3 CB TV;80 000;8 000;15;9 200
02/01/2025;TNUWXR58DVH5;EMP NAT 2024 T1 CB TF;18 430;2 002;15;9 100
02/01/2025;TNX0K9990B08;EMP NAT 2024 T2 CB TF;9 414;1 000;88;8 750
02/01/2025;TNX0K9990B08;EMP NAT 2024 T2 CB TF;26 951;2 860;90;8 990
02/01/2025;TN0008000770;BTA 7,3% Decembre 2027;298;0 300;180;7 700
02/01/2025;TN0008000770;BTA 7,3% Decembre 2027;1 492;1 500;180;7 700
02/01/2025;TN0008000812;BTA 7,5% 13/12/2028;329;0 336;13;7 990
02/01/2025;TNX0K9990B08;EMP NAT 2024 T2 CB TF;37 655;4 000;90;8 990
02/01/2025;TNGNCCQYSMR1;BTA 9.9% decembre 2033;5 954;6 001;20;8 250
02/01/2025;TNHUVZNLATV4;BTA 8% 31 Janvier 2029;7 450;8 000;7;7 990
02/01/2025;TNOXRGYG8RL8;BTA 8% 24 Novembre 2025;2 777;2 800;7;7 990
02/01/2025;TN0008000705;BTA 6,5% Juin 2025;14 650;15 036;32;8 840
02/01/2025;TN0008000762;BTA 8% Novembre 2030;10 748;10 000;270;8 990
02/01/2025;TNX0K9990B08;EMP NAT 2024 T2 CB TF;2 828;0 300;32;8 490
02/01/2025;TNN50G7PX8W5;EMP NAT 2023 T2 CB TV;30 000;3 000;92;9 100
02/01/2025;TN0008000812;BTA 7,5% 13/12/2028;4 881;5 000;5;8 250
02/01/2025;TNX0K9990B08;EMP NAT 2024 T2 CB TF;35 809;3 800;32;8 990
02/01/2025;TNN50G7PX8W5;EMP NAT 2023 T2 CB TV;35 000;3 500;92;9 100
02/01/2025;TNX0K9990B08;EMP NAT 2024 T2 CB TF;17 434;1 850;18;8 990
02/01/2025;TNX0K9990B08;EMP NAT 2024 T2 CB TF;18 847;2 000;18;8 990
02/01/2025;TN0008000812;BTA 7,5% 13/12/2028;8 785;9 000;6;8 250
02/01/2025;TN0008000812;BTA 7,5% 13/12/2028;8 785;9 000;7;8 250
02/01/2025;TN0008000812;BTA 7,5% 13/12/2028;8 785;9 000;8;8 250
02/01/2025;TN0008000812;BTA 7,5% 13/12/2028;8 785;9 000;11;8 250
02/01/2025;TN0008000812;BTA 7,5% 13/12/2028;8 785;9 000;12;8 250
02/01/2025;TN0008000812;BTA 7,5% 13/12/2028;8 785;9 000;13;8 250
02/01/2025;TN0008000812;BTA 7,5% 13/12/2028;2 929;3 000;15;8 250
02/01/2025;TN3C6DVEWM76;EMP NAT 2023 T1 CB TV;9 000;0 900;20;9 000
02/01/2025;TN0008000812;BTA 7,5% 13/12/2028;2 147;2 001;60;9 090
02/01/2025;TNX0K9990B08;EMP NAT 2024 T2 CB TF;94 234;10 000;20;8 990
02/01/2025;TNX0K9990B08;EMP NAT 2024 T2 CB TF;56 541;6 000;62;8 990
02/01/2025;TNX0K9990B08;EMP NAT 2024 T2 CB TF;169 621;18 000;62;8 990
02/01/2025;TNX0K9990B08;EMP NAT 2024 T2 CB TF;4 707;0 500;7;7 990
02/01/2025;TNX0K9990B08;EMP NAT 2024 T2 CB TF;226 162;24 000;42;8 990
02/01/2025;TNX0K9990B08;EMP NAT 2024 T2 CB TF;326 992;34 700;32;8 990
02/01/2025;TNX0K9990B08;EMP NAT 2024 T2 CB TF;4 707;0 500;7;7 990
02/01/2025;TN0008000812;BTA 7,5% 13/12/2028;10 732;10 000;20;8 990
02/01/2025;TN0008000812;BTA 7,5% 13/12/2028;11 484;10 701;32;8 990
02/01/2025;TN0008000812;BTA 7,5% 13/12/2028;25 757;24 001;62;8 990
02/01/2025;TN0008000762;BTA 8% Novembre 2030;25 794;24 000;42;8 990
02/01/2025;TN0008000762;BTA 8% Novembre 2030;25 794;24 000;32;8 990
02/01/2025;TNX0K9990B08;EMP NAT 2024 T2 CB TF;18 847;2 000;8;8 990
02/01/2025;TNX0K9990B08;EMP NAT 2024 T2 CB TF;37 694;4 000;15;8 990
02/01/2025;TNX0K9990B08;EMP NAT 2024 T2 CB TF;25 444;2 700;20;8 990
02/01/2025;TN0008000606;BTA 6,7% Avril 2028;2 071;1 999;60;9 090
02/04/2025;TNX0K9990B08;EMP NAT 2024 T2 CB TF;30 500;3 050;12;8 590
02/04/2025;TN0JN6PVVH38;EMP NAT 2022 T3 CB TV;5 700;0 602;100;8 490
02/04/2025;TN0008000622;BTA 6,3% Mars 2026;30 663;30 001;86;8 660
02/04/2025;TN0008000622;BTA 6,3% Mars 2026;43 279;42 340;8;7 500
02/04/2025;TNN50G7PX8W5;EMP NAT 2023 T2 CB TV;7 400;0 740;14;8 990
02/04/2025;TN9092FJVKK8;EMP NAT 2024 T4 CB TF;34 037;3 500;12;8 910
02/04/2025;TNUWXR58DVH5;EMP NAT 2024 T1 CB TF;77 700;7 770;14;8 990
02/04/2025;TN9092FJVKK8;EMP NAT 2024 T4 CB TF;97 247;10 000;12;8 910
02/04/2025;TN9092FJVKK8;EMP NAT 2024 T4 CB TF;4 863;0 500;84;8 910
02/04/2025;TN0008000622;BTA 6,3% Mars 2026;8 965;9 000;30;9 180
02/04/2025;TN9092FJVKK8;EMP NAT 2024 T4 CB TF;97 247;10 000;26;8 410
02/04/2025;TN9092FJVKK8;EMP NAT 2024 T4 CB TF;6 322;0 650;19;8 410
02/04/2025;TN0008000622;BTA 6,3% Mars 2026;1 213;1 218;30;8 810
02/04/2025;TN9092FJVKK8;EMP NAT 2024 T4 CB TF;28 202;2 900;14;8 410
02/04/2025;TN0008000622;BTA 6,3% Mars 2026;20 443;19 999;14;7 500
02/04/2025;TN9092FJVKK8;EMP NAT 2024 T4 CB TF;27 813;2 860;30;8 410
02/04/2025;TN0008000622;BTA 6,3% Mars 2026;2 351;2 300;14;7 500
02/04/2025;TN0008000622;BTA 6,3% Mars 2026;11 244;11 000;14;7 500
02/04/2025;TNRS9CVT3SJ7;EMP NAT 2023 T3 CB TV;20 000;2 000;15;8 200
02/04/2025;TNRS9CVT3SJ7;EMP NAT 2023 T3 CB TV;15 000;1 500;89;8 490
02/04/2025;TN0008000622;BTA 6,3% Mars 2026;996;1 000;90;8 100
02/04/2025;TN0008000606;BTA 6,7% Avril 2028;7 606;7 500;8;7 500
02/04/2025;TN0008000606;BTA 6,7% Avril 2028;22 312;22 000;8;7 500
02/04/2025;TN0008000762;BTA 8% Novembre 2030;29 766;30 650;5;9 560
02/04/2025;TN0008000606;BTA 6,7% Avril 2028;10 141;9 999;8;7 500
02/05/2025;TN0008000770;BTA 7,3% Decembre 2027;811;0 835;31;8 500
02/05/2025;TN0008000606;BTA 6,7% Avril 2028;35 659;35 781;31;8 700
02/05/2025;TN0008000606;BTA 6,7% Avril 2028;5 094;5 112;31;8 700
02/05/2025;TN0008000622;BTA 6,3% Mars 2026;8 919;9 000;31;8 770
02/05/2025;TN0008000580;BTA 6,3% Octobre 2026;1 186;1 227;31;8 400
02/05/2025;TN0008000606;BTA 6,7% Avril 2028;3 587;3 600;343;8 000
02/05/2025;TNVE955M6R90;EMP NAT 2023 T3 CB TF;30 000;3 000;42;8 000
02/05/2025;TNFC8O7A98F4;EMP NAT 2024 T3 CB TF;2 828;0 300;3;8 500
02/05/2025;TNFC8O7A98F4;EMP NAT 2024 T3 CB TF;4 714;0 500;31;8 500
02/05/2025;TNPDPODY2398;EMP NAT 2024 T3 CC TF;65 000;6 500;27;9 500
02/05/2025;TNPDPODY2398;EMP NAT 2024 T3 CC TF;55 000;5 500;27;9 500
02/05/2025;TNFC8O7A98F4;EMP NAT 2024 T3 CB TF;1 886;0 200;14;7 000
02/05/2025;TNN50G7PX8W5;EMP NAT 2023 T2 CB TV;100 000;10 000;12;8 600
02/05/2025;TN0008000762;BTA 8% Novembre 2030;11 468;11 000;25;8 500
02/05/2025;TNN50G7PX8W5;EMP NAT 2023 T2 CB TV;16 500;1 650;12;8 600
02/05/2025;TNUWXR58DVH5;EMP NAT 2024 T1 CB TF;15 000;1 500;250;8 500
02/05/2025;TNUWXR58DVH5;EMP NAT 2024 T1 CB TF;10 000;1 000;250;8 500
02/05/2025;TNVE955M6R90;EMP NAT 2023 T3 CB TF;5 000;0 500;20;7 500
02/05/2025;TNFC8O7A98F4;EMP NAT 2024 T3 CB TF;75 414;8 000;25;8 500
02/05/2025;TNFC8O7A98F4;EMP NAT 2024 T3 CB TF;136 687;14 500;31;8 500
02/05/2025;TNFC8O7A98F4;EMP NAT 2024 T3 CB TF;75 414;8 000;10;8 500
02/05/2025;TNFC8O7A98F4;EMP NAT 2024 T3 CB TF;30 166;3 200;90;8 500
02/05/2025;TN0008000762;BTA 8% Novembre 2030;3 128;3 000;31;8 500
02/05/2025;TNFC8O7A98F4;EMP NAT 2024 T3 CB TF;10 370;1 100;66;8 500
02/05/2025;TNBII1MJCEF3;EMP NAT 2023 T4 CB TF;17 305;1 800;10;8 500
02/05/2025;TNFC8O7A98F4;EMP NAT 2024 T3 CB TF;28 280;3 000;31;8 500
02/05/2025;TNBII1MJCEF3;EMP NAT 2023 T4 CB TF;19 228;2 000;31;8 500
02/05/2025;TNBII1MJCEF3;EMP NAT 2023 T4 CB TF;10 576;1 100;19;8 500
02/05/2025;TNFC8O7A98F4;EMP NAT 2024 T3 CB TF;12 255;1 300;10;8 500
02/05/2025;TNFC8O7A98F4;EMP NAT 2024 T3 CB TF;53 732;5 700;90;8 500
02/06/2025;TN0008000622;BTA 6,3% Mars 2026;3 009;3 000;7;6 750
02/06/2025;TNN50G7PX8W5;EMP NAT 2023 T2 CB TV;55 000;5 500;28;9 750
02/06/2025;TNN50G7PX8W5;EMP NAT 2023 T2 CB TV;65 000;6 500;28;9 750
02/06/2025;TNBII1MJCEF3;EMP NAT 2023 T4 CB TF;30 000;3 163;100;7 500
02/06/2025;TNX0K9990B08;EMP NAT 2024 T2 CB TF;30 000;3 036;100;7 500
02/06/2025;TN45VKDAPM79;EMP NAT 2024 T4 CB TV;10 000;1 015;100;7 500
02/06/2025;TN0008000762;BTA 8% Novembre 2030;278;0 271;100;7 500
02/06/2025;TNHUVZNLATV4;BTA 8% 31 Janvier 2029;293;0 287;100;7 500
02/06/2025;TNOXRGYG8RL8;BTA 8% 24 Novembre 2025;2 146;2 230;100;7 500
02/06/2025;TN0008000622;BTA 6,3% Mars 2026;8 871;9 000;30;8 770
02/06/2025;TN0008000606;BTA 6,7% Avril 2028;4 954;5 000;30;8 700
02/06/2025;TN0008000770;BTA 7,3% Decembre 2027;806;0 835;30;8 500
02/06/2025;TN0008000606;BTA 6,7% Avril 2028;34 684;35 000;30;8 700
02/06/2025;TNN50G7PX8W5;EMP NAT 2023 T2 CB TV;49 500;4 950;17;8 600
02/06/2025;TNBII1MJCEF3;EMP NAT 2023 T4 CB TF;4 743;0 500;30;8 500
02/06/2025;TNN50G7PX8W5;EMP NAT 2023 T2 CB TV;14 000;1 400;10;8 600
02/06/2025;TN0008000762;BTA 8% Novembre 2030;3 592;3 500;23;8 500
02/06/2025;TNBII1MJCEF3;EMP NAT 2023 T4 CB TF;33 198;3 500;23;8 500
02/06/2025;TNX0K9990B08;EMP NAT 2024 T2 CB TF;13 000;1 300;260;8 250
02/06/2025;TNX0K9990B08;EMP NAT 2024 T2 CB TF;25 000;2 500;260;8 250
02/06/2025;TNBII1MJCEF3;EMP NAT 2023 T4 CB TF;9 486;1 000;120;8 500
02/06/2025;TNBII1MJCEF3;EMP NAT 2023 T4 CB TF;66 396;7 000;31;8 500
02/06/2025;TN0008000812;BTA 7,5% 13/12/2028;608;0 650;10;7 750
02/06/2025;TN0008000812;BTA 7,5% 13/12/2028;589;0 630;8;7 500
02/06/2025;TN0008000812;BTA 7,5% 13/12/2028;187;0 200;8;7 500
02/06/2025;TN0008000812;BTA 7,5% 13/12/2028;4 020;4 300;8;7 500
02/06/2025;TN0008000812;BTA 7,5% 13/12/2028;1 403;1 500;8;7 500
02/06/2025;TN0008000812;BTA 7,5% 13/12/2028;615;0 600;10;8 230
02/06/2025;TN0008000747;BTA 7,2% Mai 2027;2 000;2 000;330;8 020
02/07/2025;TNAPCAA3FQ18;BTCT 52 semaines 26022026;1 160;1 099;121;7 750
02/07/2025;TN0008000606;BTA 6,7% Avril 2028;34 746;35 254;33;8 700
02/07/2025;TN0008000606;BTA 6,7% Avril 2028;4 963;5 036;33;8 700
02/07/2025;TN0008000622;BTA 6,3% Mars 2026;8 826;9 000;33;8 770
02/07/2025;TN0008000606;BTA 6,7% Avril 2028;822;0 835;33;8 500
02/07/2025;TN0008000606;BTA 6,7% Avril 2028;246;0 250;26;7 250
02/07/2025;TN0008000606;BTA 6,7% Avril 2028;985;1 000;92;8 000
02/07/2025;TNOXRGYG8RL8;BTA 8% 24 Novembre 2025;2 195;2 300;90;7 500
02/07/2025;TN0HHORW0CG7;BTCT 52 semaines 19052026;26 899;25 000;89;8 000
02/07/2025;TN0008000812;BTA 7,5% 13/12/2028;581;0 626;12;7 500
02/07/2025;TN0008000812;BTA 7,5% 13/12/2028;532;0 573;12;7 500
02/07/2025;TN0008000812;BTA 7,5% 13/12/2028;3 205;3 456;12;7 500
02/07/2025;TNX0K9990B08;EMP NAT 2024 T2 CB TF;4 896;0 500;30;8 500
02/07/2025;TNX0K9990B08;EMP NAT 2024 T2 CB TF;34 268;3 500;121;8 500
02/07/2025;TNX0K9990B08;EMP NAT 2024 T2 CB TF;1 959;0 200;12;8 500
02/07/2025;TN0008000721;BTA 7,2% Fevrier 2027;6 500;6 500;182;8 500
02/07/2025;TNN50G7PX8W5;EMP NAT 2023 T2 CB TV;80 000;8 000;13;8 600
02/07/2025;TNX0K9990B08;EMP NAT 2024 T2 CB TF;66 500;6 650;14;8 600
02/07/2025;TNRS9CVT3SJ7;EMP NAT 2023 T3 CB TV;10 000;1 000;8;8 600
02/07/2025;TNRS9CVT3SJ7;EMP NAT 2023 T3 CB TV;10 000;1 000;7;8 600
02/07/2025;TN0008000895;EMPRUNT NATIONAL 2021 T2 CB;18 700;2 000;1;7 500
02/07/2025;TN0008000663;BTA 7,5% Juillet 2032;2 770;3 000;1;7 500
03/01/2025;TN2781ZB9E10;EMP NAT 2024 T1 CB TV;65 000;6 500;31;9 950
03/01/2025;TN0008000838;EMP NAT T1 2021 CB;16 500;1 650;10;9 140
03/01/2025;TNUWXR58DVH5;EMP NAT 2024 T1 CB TF;6 450;0 701;20;9 100
03/01/2025;TNX0K9990B08;EMP NAT 2024 T2 CB TF;20 000;2 000;101;9 100
03/01/2025;TNX0K9990B08;EMP NAT 2024 T2 CB TF;10 000;1 000;101;9 100
03/01/2025;TNX0K9990B08;EMP NAT 2024 T2 CB TF;18 842;2 000;31;8 990
03/01/2025;TNX0K9990B08;EMP NAT 2024 T2 CB TF;56 526;6 000;19;8 990
03/01/2025;TNX0K9990B08;EMP NAT 2024 T2 CB TF;18 842;2 000;4;8 990
03/01/2025;TN0008000812;BTA 7,5% 13/12/2028;1 659;1 700;20;8 250
03/01/2025;TN0008000606;BTA 6,7% Avril 2028;3 108;3 001;80;8 750
03/01/2025;TNUWXR58DVH5;EMP NAT 2024 T1 CB TF;50 000;5 000;17;9 200
03/01/2025;TNXJGTXAROH4;BTA 9,90% 26 décembre 2034;59 633;60 000;31;8 450
03/01/2025;TN0008000606;BTA 6,7% Avril 2028;8 584;9 000;31;9 500
03/01/2025;TN0008000770;BTA 7,3% Decembre 2027;994;1 000;31;8 100
03/01/2025;TN0008000747;BTA 7,2% Mai 2027;12 543;12 500;31;8 490
03/01/2025;TN0008000747;BTA 7,2% Mai 2027;2 107;2 100;31;8 490
03/01/2025;TN0008000747;BTA 7,2% Mai 2027;14 550;14 500;31;8 490
03/01/2025;TN0008000747;BTA 7,2% Mai 2027;382;0 400;19;8 990
03/01/2025;TNXJGTXAROH4;BTA 9,90% 26 décembre 2034;23 654;23 799;7;8 150
03/01/2025;TN3C6DVEWM76;EMP NAT 2023 T1 CB TV;15 000;1 500;31;9 000
03/01/2025;TNX0K9990B08;EMP NAT 2024 T2 CB TF;4 711;0 500;20;7 490
03/01/2025;TN3C6DVEWM76;EMP NAT 2023 T1 CB TV;80 000;8 000;14;9 300
03/01/2025;TNN50G7PX8W5;EMP NAT 2023 T2 CB TV;67 000;6 700;17;9 950
03/01/2025;TNX0K9990B08;EMP NAT 2024 T2 CB TF;15 000;1 500;83;9 100
03/01/2025;TNGCLJS7FYQ7;EMP NAT 2024 T4 CC TF;25 000;2 500;150;9 100
03/01/2025;TNGCLJS7FYQ7;EMP NAT 2024 T4 CC TF;15 000;1 500;150;9 100
03/01/2025;TNMCPXLL1EE2;EMP NAT 2023 T4 CB TV;70 000;7 000;60;8 990
03/01/2025;TNRGVSC8DE36;EMP NAT 2022 T3 CB TF;58 371;6 000;90;8 750
03/01/2025;TN0008000580;BTA 6,3% Octobre 2026;346;0 351;56;7 990
03/01/2025;TNGCLJS7FYQ7;EMP NAT 2024 T4 CC TF;200 000;20 000;84;9 500
03/01/2025;TNX0K9990B08;EMP NAT 2024 T2 CB TF;56 526;6 000;20;8 990
03/01/2025;TNLRQIP0OJY4;BTA 9% septembre 2029;7 019;7 001;31;8 990
03/01/2025;TNX0K9990B08;EMP NAT 2024 T2 CB TF;65 947;7 000;31;8 990
03/01/2025;TNLRQIP0OJY4;BTA 9% septembre 2029;8 021;8 000;31;8 990
03/01/2025;TN0008000747;BTA 7,2% Mai 2027;8 027;7 999;31;8 990
03/01/2025;TN9092FJVKK8;EMP NAT 2024 T4 CB TF;44 709;4 500;31;8 990
03/01/2025;TN0008000812;BTA 7,5% 13/12/2028;7 807;8 000;13;8 250
03/01/2025;TN9092FJVKK8;EMP NAT 2024 T4 CB TF;49 677;5 000;10;8 990
03/01/2025;TN0008000812;BTA 7,5% 13/12/2028;6 831;7 000;18;8 250
03/01/2025;TN0008000812;BTA 7,5% 13/12/2028;7 319;7 500;14;8 250
03/01/2025;TN0008000812;BTA 7,5% 13/12/2028;3 416;3 500;17;8 250
03/01/2025;TN9092FJVKK8;EMP NAT 2024 T4 CB TF;37 754;3 800;336;8 990
03/01/2025;TN9092FJVKK8;EMP NAT 2024 T4 CB TF;26 826;2 700;32;8 990
03/01/2025;TN9092FJVKK8;EMP NAT 2024 T4 CB TF;29 806;3 000;40;8 990
03/01/2025;TN9092FJVKK8;EMP NAT 2024 T4 CB TF;49 677;5 000;20;8 990
03/01/2025;TN9092FJVKK8;EMP NAT 2024 T4 CB TF;49 677;5 000;31;8 990
03/01/2025;TNXJGTXAROH4;BTA 9,90% 26 décembre 2034;13 914;14 000;91;9 150
03/01/2025;TNXJGTXAROH4;BTA 9,90% 26 décembre 2034;9 938;9 999;31;8 990
03/01/2025;TNXJGTXAROH4;BTA 9,90% 26 décembre 2034;13 914;14 000;91;9 150
03/01/2025;TNXJGTXAROH4;BTA 9,90% 26 décembre 2034;24 847;25 000;40;8 990
03/02/2025;TN0008000838;EMP NAT T1 2021 CB;15 000;1 500;10;9 090
03/02/2025;TN0008000747;BTA 7,2% Mai 2027;12 245;12 300;30;8 490
03/02/2025;TN0008000747;BTA 7,2% Mai 2027;2 090;2 099;30;8 490
03/02/2025;TN0008000622;BTA 6,3% Mars 2026;14 749;15 150;30;8 840
03/02/2025;TN0008000747;BTA 7,2% Mai 2027;18 915;19 000;30;8 490
03/02/2025;TNN50G7PX8W5;EMP NAT 2023 T2 CB TV;7 000;0 700;17;9 100
03/02/2025;TNFC8O7A98F4;EMP NAT 2024 T3 CB TF;36 648;3 800;30;8 990
03/02/2025;TNFC8O7A98F4;EMP NAT 2024 T3 CB TF;4 823;0 500;21;8 990
03/02/2025;TNFC8O7A98F4;EMP NAT 2024 T3 CB TF;14 467;1 500;21;8 990
03/02/2025;TNFC8O7A98F4;EMP NAT 2024 T3 CB TF;110 909;11 500;21;8 990
03/02/2025;TNHUVZNLATV4;BTA 8% 31 Janvier 2029;2 499;2 501;340;8 990
03/02/2025;TNFC8O7A98F4;EMP NAT 2024 T3 CB TF;16 878;1 750;14;8 990
03/02/2025;TNGNCCQYSMR1;BTA 9.9% decembre 2033;2 461;2 499;30;8 860
03/02/2025;TNFC8O7A98F4;EMP NAT 2024 T3 CB TF;18 324;1 900;14;8 990
03/02/2025;TN0008000606;BTA 6,7% Avril 2028;8 538;9 000;28;9 260
03/02/2025;TNFC8O7A98F4;EMP NAT 2024 T3 CB TF;946;0 098;25;8 990
03/02/2025;TNFC8O7A98F4;EMP NAT 2024 T3 CB TF;109 944;11 400;14;8 990
03/02/2025;TNFC8O7A98F4;EMP NAT 2024 T3 CB TF;6 751;0 700;10;8 990
03/02/2025;TNFC8O7A98F4;EMP NAT 2024 T3 CB TF;19 289;2 000;30;8 990
03/02/2025;TNXJGTXAROH4;BTA 9,90% 26 décembre 2034;59 211;59 999;30;8 450
03/03/2025;TN9092FJVKK8;EMP NAT 2024 T4 CB TF;48 945;5 000;11;8 990
03/03/2025;TN9092FJVKK8;EMP NAT 2024 T4 CB TF;34 262;3 500;11;8 990
03/03/2025;TN9092FJVKK8;EMP NAT 2024 T4 CB TF;8 027;0 820;21;8 990
03/03/2025;TN9092FJVKK8;EMP NAT 2024 T4 CB TF;2 448;0 250;7;7 490
03/03/2025;TN9092FJVKK8;EMP NAT 2024 T4 CB TF;17 131;1 750;14;8 990
03/03/2025;TN9092FJVKK8;EMP NAT 2024 T4 CB TF;16 642;1 700;14;8 990
03/03/2025;TN0008000606;BTA 6,7% Avril 2028;5 200;5 500;29;9 840
03/03/2025;TN0008000606;BTA 6,7% Avril 2028;1 141;1 209;30;8 890
03/03/2025;TN0008000606;BTA 6,7% Avril 2028;8 496;9 000;30;9 260
03/03/2025;TN0008000796;BTA 7,5% Janvier 2028;31 589;31 820;30;9 640
03/03/2025;TN0008000663;BTA 7,5% Juillet 2032;1 617;1 500;60;9 000
03/03/2025;TN0008000812;BTA 7,5% 13/12/2028;1 586;1 500;60;9 000
03/03/2025;TNPDPODY2398;EMP NAT 2024 T3 CC TF;76 000;7 600;11;9 100
03/03/2025;TNN50G7PX8W5;EMP NAT 2023 T2 CB TV;9 700;0 970;11;9 100
03/03/2025;TNN50G7PX8W5;EMP NAT 2023 T2 CB TV;5 000;0 500;8;9 100
03/03/2025;TN0008000721;BTA 7,2% Fevrier 2027;4 151;4 000;302;8 990
03/03/2025;TN9092FJVKK8;EMP NAT 2024 T4 CB TF;83 207;8 500;21;8 990
03/03/2025;TN0008000812;BTA 7,5% 13/12/2028;530;0 550;8;8 250
03/03/2025;TN0008000812;BTA 7,5% 13/12/2028;241;0 250;8;8 250
03/03/2025;TN9092FJVKK8;EMP NAT 2024 T4 CB TF;3 427;0 350;23;8 990
03/03/2025;TN0008000812;BTA 7,5% 13/12/2028;270;0 280;8;8 250
03/03/2025;TN0008000812;BTA 7,5% 13/12/2028;1 300;1 350;8;8 250
03/03/2025;TN0008000812;BTA 7,5% 13/12/2028;3 369;3 500;8;8 250
03/03/2025;TN9092FJVKK8;EMP NAT 2024 T4 CB TF;54 819;5 600;114;9 840
03/04/2025;TN2781ZB9E10;EMP NAT 2024 T1 CB TV;65 000;6 500;92;8 490
03/04/2025;TN2781ZB9E10;EMP NAT 2024 T1 CB TV;8 000;0 804;272;8 490
03/04/2025;TNGCLJS7FYQ7;EMP NAT 2024 T4 CC TF;13 000;1 300;120;9 140
03/04/2025;TNBII1MJCEF3;EMP NAT 2023 T4 CB TF;84 600;8 460;14;8 990
03/04/2025;TNBII1MJCEF3;EMP NAT 2023 T4 CB TF;2 500;0 250;14;8 990
03/04/2025;TN0008000747;BTA 7,2% Mai 2027;4 768;5 074;29;9 110
03/04/2025;TN0008000747;BTA 7,2% Mai 2027;33 376;35 520;29;9 110
03/04/2025;TN0008000747;BTA 7,2% Mai 2027;784;0 835;29;8 910
03/04/2025;TNGNCCQYSMR1;BTA 9.9% decembre 2033;95 478;98 500;32;8 400
03/04/2025;TN9092FJVKK8;EMP NAT 2024 T4 CB TF;48 597;5 000;29;8 910
03/04/2025;TN9092FJVKK8;EMP NAT 2024 T4 CB TF;14 579;1 500;11;8 910
03/04/2025;TN9092FJVKK8;EMP NAT 2024 T4 CB TF;6 804;0 700;32;8 910
03/04/2025;TNCYAUILJ413;BTA 9,87% 08 Janvier 2032;176;0 180;11;7 910
03/04/2025;TN2781ZB9E10;EMP NAT 2024 T1 CB TV;10 000;1 000;305;8 490
03/04/2025;TNRS9CVT3SJ7;EMP NAT 2023 T3 CB TV;20 000;2 000;85;8 490
03/04/2025;TNX0K9990B08;EMP NAT 2024 T2 CB TF;10 000;1 000;32;8 500
03/04/2025;TNCYAUILJ413;BTA 9,87% 08 Janvier 2032;167;0 171;11;7 910
03/04/2025;TN9092FJVKK8;EMP NAT 2024 T4 CB TF;8 748;0 900;32;8 910
03/04/2025;TN9092FJVKK8;EMP NAT 2024 T4 CB TF;972;0 100;32;8 910
03/04/2025;TN9092FJVKK8;EMP NAT 2024 T4 CB TF;20 411;2 100;32;8 910
03/04/2025;TN9092FJVKK8;EMP NAT 2024 T4 CB TF;48 597;5 000;11;8 410
03/04/2025;TN0008000705;BTA 6,5% Juin 2025;954;1 000;27;8 910
03/04/2025;TN0008000705;BTA 6,5% Juin 2025;2 385;2 501;27;8 910
03/04/2025;TN9092FJVKK8;EMP NAT 2024 T4 CB TF;34 018;3 500;27;8 910
03/04/2025;TN0008000622;BTA 6,3% Mars 2026;1 991;2 000;11;8 910
03/06/2025;TNBII1MJCEF3;EMP NAT 2023 T4 CB TF;4 742;0 500;10;8 500
03/06/2025;TNBII1MJCEF3;EMP NAT 2023 T4 CB TF;4 742;0 500;31;8 500
03/06/2025;TN0008000838;EMP NAT T1 2021 CB;5 000;0 500;27;9 500
03/06/2025;TNBII1MJCEF3;EMP NAT 2023 T4 CB TF;10 906;1 150;8;8 500
03/06/2025;TNBII1MJCEF3;EMP NAT 2023 T4 CB TF;4 742;0 500;31;8 500
03/06/2025;TN0008000580;BTA 6,3% Octobre 2026;432;0 450;27;7 250
03/06/2025;TN0008000580;BTA 6,3% Octobre 2026;2 211;2 300;22;8 500
03/06/2025;TNN50G7PX8W5;EMP NAT 2023 T2 CB TV;12 000;1 200;10;8 600
03/06/2025;TNX0K9990B08;EMP NAT 2024 T2 CB TF;53 500;5 350;17;8 600
03/06/2025;TNBII1MJCEF3;EMP NAT 2023 T4 CB TF;75 862;8 000;22;8 500
03/06/2025;TNRS9CVT3SJ7;EMP NAT 2023 T3 CB TV;7 000;0 700;29;8 000
03/07/2025;TN7PM93UZP50;EMP NAT 2022 T4 CB TV;60 000;6 000;134;10 490
03/07/2025;TNRS9CVT3SJ7;EMP NAT 2023 T3 CB TV;2 000;0 200;12;9 250
03/07/2025;TN0008000606;BTA 6,7% Avril 2028;985;1 000;4;8 500
03/07/2025;TN0008000762;BTA 8% Novembre 2030;43 540;45 711;32;8 550
03/07/2025;TNBII1MJCEF3;EMP NAT 2023 T4 CB TF;53 200;5 320;15;8 600
03/07/2025;TN2781ZB9E10;EMP NAT 2024 T1 CB TV;50 000;5 000;14;8 600
03/07/2025;TNX0K9990B08;EMP NAT 2024 T2 CB TF;19 580;2 000;11;8 500
03/07/2025;TNX0K9990B08;EMP NAT 2024 T2 CB TF;101 366;10 354;11;8 500
03/07/2025;TN2781ZB9E10;EMP NAT 2024 T1 CB TV;20 000;2 000;11;8 600
03/07/2025;TNMCPXLL1EE2;EMP NAT 2023 T4 CB TV;15 500;1 550;8;8 600
03/07/2025;TNX0K9990B08;EMP NAT 2024 T2 CB TF;14 685;1 500;11;8 500
03/07/2025;TNBII1MJCEF3;EMP NAT 2023 T4 CB TF;6 500;0 650;34;8 150
03/07/2025;TNX0K9990B08;EMP NAT 2024 T2 CB TF;69 509;7 100;32;8 500
03/07/2025;TN0008000838;EMP NAT T1 2021 CB;27 700;3 000;1;7 500
03/07/2025;TN0008000895;EMPRUNT NATIONAL 2021 T2 CB;18 700;2 000;1;7 500
03/07/2025;TN0008000812;BTA 7,5% 13/12/2028;1 017;1 000;11;8 230
03/07/2025;TN0008000812;BTA 7,5% 13/12/2028;1 855;2 000;29;7 750
04/02/2025;TN0008000580;BTA 6,3% Octobre 2026;1 472;1 501;90;7 990
04/02/2025;TNGNCCQYSMR1;BTA 9.9% decembre 2033;118 066;120 000;37;8 500
04/02/2025;TNGNCCQYSMR1;BTA 9.9% decembre 2033;2 953;2 999;62;8 600
04/02/2025;TN0008000655;BTA 6,6% Mars 2027;10 995;11 001;28;9 000
04/02/2025;TNFC8O7A98F4;EMP NAT 2024 T3 CB TF;6 750;0 700;10;8 990
04/02/2025;TNFC8O7A98F4;EMP NAT 2024 T3 CB TF;3 115;0 323;120;8 990
04/02/2025;TNFC8O7A98F4;EMP NAT 2024 T3 CB TF;2 893;0 300;30;7 490
04/02/2025;TN0008000747;BTA 7,2% Mai 2027;895;0 899;6;8 990
04/02/2025;TN0008000655;BTA 6,6% Mars 2027;500;0 500;30;8 990
04/02/2025;TN0008000747;BTA 7,2% Mai 2027;793;0 835;28;8 990
04/02/2025;TN0008000747;BTA 7,2% Mai 2027;950;1 000;29;8 100
04/02/2025;TNN50G7PX8W5;EMP NAT 2023 T2 CB TV;4 750;0 475;51;9 600
04/02/2025;TNN50G7PX8W5;EMP NAT 2023 T2 CB TV;2 000;0 200;51;9 600
04/02/2025;TN0008000747;BTA 7,2% Mai 2027;4 749;5 000;28;9 190
04/02/2025;TN0008000606;BTA 6,7% Avril 2028;33 198;35 000;28;9 190
04/03/2025;TN0008000721;BTA 7,2% Fevrier 2027;1 300;1 300;339;8 500
04/03/2025;TNPDPODY2398;EMP NAT 2024 T3 CC TF;65 000;6 500;27;9 950
04/03/2025;TNPDPODY2398;EMP NAT 2024 T3 CC TF;55 000;5 500;27;9 950
04/03/2025;TN0008000747;BTA 7,2% Mai 2027;4 758;5 036;30;9 190
04/03/2025;TN0008000606;BTA 6,7% Avril 2028;33 273;35 250;30;9 190
04/03/2025;TN0008000747;BTA 7,2% Mai 2027;789;0 835;30;8 990
04/03/2025;TN9092FJVKK8;EMP NAT 2024 T4 CB TF;9 788;1 000;90;9 840
04/03/2025;TN0008000606;BTA 6,7% Avril 2028;226;0 240;30;7 600
04/03/2025;TN9092FJVKK8;EMP NAT 2024 T4 CB TF;48 937;5 000;10;8 990
04/03/2025;TN0008000663;BTA 7,5% Juillet 2032;138;0 145;90;7 500
04/03/2025;TNUWXR58DVH5;EMP NAT 2024 T1 CB TF;77 000;7 700;13;9 100
04/03/2025;TNN50G7PX8W5;EMP NAT 2023 T2 CB TV;9 000;0 900;13;9 100
04/03/2025;TN9092FJVKK8;EMP NAT 2024 T4 CB TF;20 554;2 100;10;8 990
04/03/2025;TN0008000812;BTA 7,5% 13/12/2028;2 021;2 100;41;8 250
04/03/2025;TNXJGTXAROH4;BTA 9,90% 26 décembre 2034;979;0 999;20;8 200
04/03/2025;TNNR35P1MXQ0;BTC 52 semaines 02052025;29 116;28 725;34;8 450
04/04/2025;TNCR2TMAK1K8;EMP NAT 2023 T2 CB TF;13 817;1 500;7;7 500
04/04/2025;TNUWXR58DVH5;EMP NAT 2024 T1 CB TF;4 000;0 404;271;8 490
04/04/2025;TNN50G7PX8W5;EMP NAT 2023 T2 CB TV;100 000;10 000;7;7 920
04/04/2025;TNGCLJS7FYQ7;EMP NAT 2024 T4 CC TF;15 000;1 500;244;8 500
04/04/2025;TNGCLJS7FYQ7;EMP NAT 2024 T4 CC TF;40 000;4 000;244;8 500
04/04/2025;TN0008000622;BTA 6,3% Mars 2026;9 705;9 504;80;8 100
04/04/2025;TN0008000747;BTA 7,2% Mai 2027;845;0 900;31;7 750
04/04/2025;TN0008000747;BTA 7,2% Mai 2027;1 127;1 200;31;7 750
04/04/2025;TN0008000663;BTA 7,5% Juillet 2032;2 845;3 000;82;9 500
04/04/2025;TN0008000762;BTA 8% Novembre 2030;43 450;44 760;90;8 500
04/04/2025;TN0008000747;BTA 7,2% Mai 2027;4 659;4 960;10;7 400
04/04/2025;TN0008000812;BTA 7,5% 13/12/2028;12 385;11 801;26;8 910
04/04/2025;TN0008000747;BTA 7,2% Mai 2027;469;0 500;25;7 500
04/04/2025;TN0008000721;BTA 7,2% Fevrier 2027;18 330;17 800;31;8 910
04/04/2025;TNX0K9990B08;EMP NAT 2024 T2 CB TF;75 000;7 500;14;8 990
04/04/2025;TNPDPODY2398;EMP NAT 2024 T3 CC TF;8 500;0 850;14;8 990
04/04/2025;TN9092FJVKK8;EMP NAT 2024 T4 CB TF;8 163;0 840;31;8 910
04/04/2025;TN9092FJVKK8;EMP NAT 2024 T4 CB TF;12 244;1 260;31;8 910
04/04/2025;TN9092FJVKK8;EMP NAT 2024 T4 CB TF;98 140;10 100;26;8 910
04/04/2025;TN9092FJVKK8;EMP NAT 2024 T4 CB TF;19 434;2 000;31;8 910
04/04/2025;TN9092FJVKK8;EMP NAT 2024 T4 CB TF;16 519;1 700;26;8 910
04/04/2025;TN9092FJVKK8;EMP NAT 2024 T4 CB TF;38 868;4 000;31;8 910
04/04/2025;TN9092FJVKK8;EMP NAT 2024 T4 CB TF;29 151;3 000;3;8 910
04/04/2025;TN9092FJVKK8;EMP NAT 2024 T4 CB TF;19 434;2 000;14;8 910
04/04/2025;TN9092FJVKK8;EMP NAT 2024 T4 CB TF;36 924;3 800;31;8 910
04/04/2025;TN9092FJVKK8;EMP NAT 2024 T4 CB TF;19 434;2 000;10;8 910
04/04/2025;TN9092FJVKK8;EMP NAT 2024 T4 CB TF;29 151;3 000;13;8 910
04/04/2025;TNBII1MJCEF3;EMP NAT 2023 T4 CB TF;19 411;2 000;10;8 910
04/04/2025;TNPDPODY2398;EMP NAT 2024 T3 CC TF;55 000;5 500;28;9 500
04/04/2025;TNPDPODY2398;EMP NAT 2024 T3 CC TF;65 000;6 500;28;9 500
04/04/2025;TN9092FJVKK8;EMP NAT 2024 T4 CB TF;2 537;0 261;6;7 410
04/04/2025;TNBII1MJCEF3;EMP NAT 2023 T4 CB TF;9 706;1 000;17;8 910
04/04/2025;TNBII1MJCEF3;EMP NAT 2023 T4 CB TF;77 644;8 000;31;8 910
04/04/2025;TN0008000739;BTA 7,4% Fevrier 2030;62 048;56 999;94;8 500
04/04/2025;TN0008000739;BTA 7,4% Fevrier 2030;15 254;13 999;28;8 500
04/04/2025;TN0008000747;BTA 7,2% Mai 2027;5 912;6 000;31;8 910
04/06/2025;TNBII1MJCEF3;EMP NAT 2023 T4 CB TF;37 922;4 000;26;8 500
04/06/2025;TNX0K9990B08;EMP NAT 2024 T2 CB TF;42 471;4 300;1;8 500
04/06/2025;TN0008000747;BTA 7,2% Mai 2027;1 341;1 300;338;8 500
04/06/2025;TNX0K9990B08;EMP NAT 2024 T2 CB TF;55 000;5 500;20;8 600
04/06/2025;TN2781ZB9E10;EMP NAT 2024 T1 CB TV;20 400;2 040;12;8 600
04/06/2025;TN0008000796;BTA 7,5% Janvier 2028;29 228;30 000;30;7 750
04/06/2025;TN0008000770;BTA 7,3% Decembre 2027;144;0 150;90;7 500
04/06/2025;TN0008000770;BTA 7,3% Decembre 2027;965;1 000;180;7 800
04/06/2025;TN0008000622;BTA 6,3% Mars 2026;7 883;8 000;20;7 600
04/06/2025;TNBII1MJCEF3;EMP NAT 2023 T4 CB TF;20 000;2 000;20;8 000
04/06/2025;TNBII1MJCEF3;EMP NAT 2023 T4 CB TF;47 402;5 000;12;8 500
04/06/2025;TNBII1MJCEF3;EMP NAT 2023 T4 CB TF;9 481;1 000;30;8 500
04/06/2025;TN0008000838;EMP NAT T1 2021 CB;1 750;0 175;26;9 500
04/06/2025;TN0008000812;BTA 7,5% 13/12/2028;3 738;4 000;7;7 500
04/06/2025;TN0008000812;BTA 7,5% 13/12/2028;1 869;2 000;7;7 500
04/06/2025;TN0HHORW0CG7;BTCT 52 semaines 19052026;2 000;2 000;330;8 020
04/06/2025;TN0008000770;BTA 7,3% Decembre 2027;2 020;2 000;30;8 500
04/06/2025;TN0008000770;BTA 7,3% Decembre 2027;1 010;1 000;30;8 500
04/06/2025;TNBII1MJCEF3;EMP NAT 2023 T4 CB TF;94 803;10 000;22;8 500
04/07/2025;TN0008000747;BTA 7,2% Mai 2027;3 070;3 000;265;8 000
04/07/2025;TN2781ZB9E10;EMP NAT 2024 T1 CB TV;70 000;7 000;91;8 490
04/07/2025;TNCYAUILJ413;BTA 9,87% 08 Janvier 2032;238;0 250;25;7 250
04/07/2025;TNCYAUILJ413;BTA 9,87% 08 Janvier 2032;2 862;3 000;17;8 500
04/07/2025;TNOODT102PF5;BTA 9,87% 22 Octobre 2031;28 061;30 000;31;9 440
04/07/2025;TNCYAUILJ413;BTA 9,87% 08 Janvier 2032;1 526;1 600;31;7 750
04/07/2025;TNN50G7PX8W5;EMP NAT 2023 T2 CB TV;86 000;8 600;17;8 600
04/07/2025;TNVE955M6R90;EMP NAT 2023 T3 CB TF;10 000;1 000;11;8 600
04/07/2025;TNX0K9990B08;EMP NAT 2024 T2 CB TF;29 363;3 000;10;8 500
04/07/2025;TNX0K9990B08;EMP NAT 2024 T2 CB TF;5 873;0 600;11;8 500
04/07/2025;TNX0K9990B08;EMP NAT 2024 T2 CB TF;5 873;0 600;11;8 500
04/07/2025;TNX0K9990B08;EMP NAT 2024 T2 CB TF;19 575;2 000;3;8 500
04/07/2025;TNX0K9990B08;EMP NAT 2024 T2 CB TF;39 150;4 000;10;8 500
04/07/2025;TNX0K9990B08;EMP NAT 2024 T2 CB TF;48 937;5 000;10;8 500
04/07/2025;TNUWXR58DVH5;EMP NAT 2024 T1 CB TF;114 868;12 000;10;8 500
04/07/2025;TNX0K9990B08;EMP NAT 2024 T2 CB TF;14 682;1 500;31;7 000
04/07/2025;TN0008000895;EMPRUNT NATIONAL 2021 T2 CB;18 700;2 000;3;7 500
04/07/2025;TN0008000838;EMP NAT T1 2021 CB;27 700;3 000;3;7 500
04/07/2025;TNHUVZNLATV4;BTA 8% 31 Janvier 2029;3 034;3 000;3;7 500
04/07/2025;TNHUVZNLATV4;BTA 8% 31 Janvier 2029;1 011;1 000;3;7 500
04/07/2025;TN0008000838;EMP NAT T1 2021 CB;40 000;4 000;31;8 000
05/02/2025;TNGNCCQYSMR1;BTA 9.9% decembre 2033;28 910;29 359;61;9 060
05/02/2025;TNGNCCQYSMR1;BTA 9.9% decembre 2033;18 000;18 000;7;9 270
05/02/2025;TNRS9CVT3SJ7;EMP NAT 2023 T3 CB TV;70 000;7 000;12;9 100
05/02/2025;TNRS9CVT3SJ7;EMP NAT 2023 T3 CB TV;70 000;7 000;13;9 100
05/02/2025;TNVE955M6R90;EMP NAT 2023 T3 CB TF;30 000;3 000;90;8 990
05/02/2025;TNVE955M6R90;EMP NAT 2023 T3 CB TF;40 000;4 000;180;8 990
05/02/2025;TNN50G7PX8W5;EMP NAT 2023 T2 CB TV;5 000;0 500;90;9 640
05/02/2025;TN0008000655;BTA 6,6% Mars 2027;3 498;3 501;30;9 200
05/02/2025;TN0008000655;BTA 6,6% Mars 2027;6 495;6 500;30;9 200
05/02/2025;TNVFSFLG1FH4;EMP NAT 2022 T4 CC TV;8 000;0 800;270;9 000
05/02/2025;TNBII1MJCEF3;EMP NAT 2023 T4 CB TF;21 650;2 200;58;8 990
05/02/2025;TNBII1MJCEF3;EMP NAT 2023 T4 CB TF;39 856;4 050;30;8 990
05/02/2025;TNBII1MJCEF3;EMP NAT 2023 T4 CB TF;47 237;4 800;12;8 990
05/02/2025;TNBII1MJCEF3;EMP NAT 2023 T4 CB TF;9 841;1 000;13;8 990
05/02/2025;TNBII1MJCEF3;EMP NAT 2023 T4 CB TF;59 046;6 000;15;8 990
05/02/2025;TN0008000812;BTA 7,5% 13/12/2028;1 162;1 200;16;8 250
05/02/2025;TN0008000747;BTA 7,2% Mai 2027;1 234;1 300;28;8 200
05/02/2025;TN0008000622;BTA 6,3% Mars 2026;41 735;44 124;28;8 990
05/02/2025;TNHUVZNLATV4;BTA 8% 31 Janvier 2029;499;0 500;359;8 300
05/02/2025;TNNR35P1MXQ0;BTC 52 semaines 02052025;61 187;60 000;9;8 100
05/02/2025;TNFC8O7A98F4;EMP NAT 2024 T3 CB TF;96 402;10 000;20;8 990
05/03/2025;TN0008000747;BTA 7,2% Mai 2027;1 228;1 300;30;8 100
05/03/2025;TN0008000747;BTA 7,2% Mai 2027;944;1 000;30;8 200
05/03/2025;TNXJGTXAROH4;BTA 9,90% 26 décembre 2034;5 000;5 000;210;9 100
05/03/2025;TNCYAUILJ413;BTA 9,87% 08 Janvier 2032;296;0 300;26;7 990
05/03/2025;TN9092FJVKK8;EMP NAT 2024 T4 CB TF;5 871;0 600;30;8 240
05/03/2025;TNCYAUILJ413;BTA 9,87% 08 Janvier 2032;148;0 150;16;7 990
05/03/2025;TN9092FJVKK8;EMP NAT 2024 T4 CB TF;24 462;2 500;30;8 990
05/03/2025;TN9092FJVKK8;EMP NAT 2024 T4 CB TF;34 247;3 500;12;8 990
05/03/2025;TN9092FJVKK8;EMP NAT 2024 T4 CB TF;4 893;0 500;90;8 990
05/03/2025;TN9092FJVKK8;EMP NAT 2024 T4 CB TF;37 183;3 800;30;8 990
05/03/2025;TN9092FJVKK8;EMP NAT 2024 T4 CB TF;7 828;0 800;6;8 990
05/03/2025;TN9092FJVKK8;EMP NAT 2024 T4 CB TF;5 871;0 600;30;8 240
05/03/2025;TN0008000747;BTA 7,2% Mai 2027;2 173;2 199;7;8 490
05/03/2025;TN0008000747;BTA 7,2% Mai 2027;11 855;12 000;7;8 490
05/03/2025;TN0008000747;BTA 7,2% Mai 2027;18 771;19 000;7;8 490
05/03/2025;TNN50G7PX8W5;EMP NAT 2023 T2 CB TV;5 500;0 550;13;9 100
05/03/2025;TNBII1MJCEF3;EMP NAT 2023 T4 CB TF;92 500;9 250;13;9 100
05/03/2025;TN0008000606;BTA 6,7% Avril 2028;377;0 400;23;7 500
05/03/2025;TN0008000721;BTA 7,2% Fevrier 2027;44 235;44 432;30;8 990
05/03/2025;TN9092FJVKK8;EMP NAT 2024 T4 CB TF;26 419;2 700;19;8 990
05/03/2025;TN0008000721;BTA 7,2% Fevrier 2027;18 442;17 780;30;8 840
05/03/2025;TN9092FJVKK8;EMP NAT 2024 T4 CB TF;97 848;10 000;23;8 990
05/03/2025;TN0008000812;BTA 7,5% 13/12/2028;1 057;1 001;105;9 000
05/03/2025;TN0008000812;BTA 7,5% 13/12/2028;20 073;19 000;20;8 990
05/03/2025;TN9092FJVKK8;EMP NAT 2024 T4 CB TF;107 633;11 000;20;8 990
05/03/2025;TN9092FJVKK8;EMP NAT 2024 T4 CB TF;78 279;8 000;20;8 990
05/05/2025;TNGCLJS7FYQ7;EMP NAT 2024 T4 CC TF;20 000;2 000;30;8 000
05/05/2025;TN0008000812;BTA 7,5% 13/12/2028;3 272;3 459;15;7 500
05/05/2025;TN0008000812;BTA 7,5% 13/12/2028;585;0 618;15;7 500
05/05/2025;TN0008000812;BTA 7,5% 13/12/2028;536;0 566;15;7 500
05/05/2025;TN0008000606;BTA 6,7% Avril 2028;6 115;6 140;10;7 500
05/05/2025;TN0008000770;BTA 7,3% Decembre 2027;874;0 900;31;7 750
05/05/2025;TN0008000796;BTA 7,5% Janvier 2028;30 189;30 800;30;8 750
05/05/2025;TN0008000739;BTA 7,4% Fevrier 2030;1 229;1 250;31;7 750
05/05/2025;TNN50G7PX8W5;EMP NAT 2023 T2 CB TV;60 000;6 000;11;8 600
05/05/2025;TNN50G7PX8W5;EMP NAT 2023 T2 CB TV;50 500;5 050;10;8 600
05/05/2025;TNGCLJS7FYQ7;EMP NAT 2024 T4 CC TF;14 500;1 450;10;8 600
05/05/2025;TN0008000796;BTA 7,5% Janvier 2028;16 060;15 600;91;8 510
05/05/2025;TNUWXR58DVH5;EMP NAT 2024 T1 CB TF;32 000;3 200;259;9 750
05/05/2025;TNN50G7PX8W5;EMP NAT 2023 T2 CB TV;30 500;3 050;10;8 750
05/05/2025;TNBII1MJCEF3;EMP NAT 2023 T4 CB TF;9 600;1 000;30;8 500
05/05/2025;TNBII1MJCEF3;EMP NAT 2023 T4 CB TF;19 200;2 000;17;8 500
05/05/2025;TNBII1MJCEF3;EMP NAT 2023 T4 CB TF;14 400;1 500;7;8 500
05/05/2025;TNBII1MJCEF3;EMP NAT 2023 T4 CB TF;36 480;3 800;31;8 500
05/05/2025;TN0008000796;BTA 7,5% Janvier 2028;1 029;1 000;30;8 500
05/05/2025;TN0008000796;BTA 7,5% Janvier 2028;2 059;2 000;17;8 500
05/05/2025;TNGCLJS7FYQ7;EMP NAT 2024 T4 CC TF;10 000;1 000;63;8 350
05/05/2025;TNBII1MJCEF3;EMP NAT 2023 T4 CB TF;6 240;0 650;14;8 500
05/05/2025;TN0008000705;BTA 6,5% Juin 2025;161;0 170;10;7 500
05/05/2025;TN0008000705;BTA 6,5% Juin 2025;171;0 181;10;7 500
05/05/2025;TNBII1MJCEF3;EMP NAT 2023 T4 CB TF;86 400;9 000;21;8 500
05/05/2025;TNBII1MJCEF3;EMP NAT 2023 T4 CB TF;11 520;1 200;10;8 500
05/05/2025;TNBII1MJCEF3;EMP NAT 2023 T4 CB TF;76 800;8 000;10;8 500
05/05/2025;TN9092FJVKK8;EMP NAT 2024 T4 CB TF;14 434;1 500;23;8 500
05/05/2025;TN9092FJVKK8;EMP NAT 2024 T4 CB TF;14 434;1 500;38;8 500
05/05/2025;TN9092FJVKK8;EMP NAT 2024 T4 CB TF;57 733;6 000;37;8 500
05/05/2025;TN9092FJVKK8;EMP NAT 2024 T4 CB TF;7 698;0 800;21;8 500
05/05/2025;TNBII1MJCEF3;EMP NAT 2023 T4 CB TF;9 600;1 000;11;8 500
05/05/2025;TN9092FJVKK8;EMP NAT 2024 T4 CB TF;76 977;8 000;29;8 500
05/05/2025;TN9092FJVKK8;EMP NAT 2024 T4 CB TF;134 710;14 000;18;8 500
05/05/2025;TN9092FJVKK8;EMP NAT 2024 T4 CB TF;6 736;0 700;50;8 500
05/05/2025;TN9092FJVKK8;EMP NAT 2024 T4 CB TF;8 949;0 930;11;8 500
05/05/2025;TN9092FJVKK8;EMP NAT 2024 T4 CB TF;14 434;1 500;21;8 500
05/05/2025;TN9092FJVKK8;EMP NAT 2024 T4 CB TF;76 977;8 000;24;8 500
05/05/2025;TNBII1MJCEF3;EMP NAT 2023 T4 CB TF;48 000;5 000;10;8 500
05/05/2025;TN0008000796;BTA 7,5% Janvier 2028;3 088;2 999;91;8 500
05/05/2025;TN0008000770;BTA 7,3% Decembre 2027;243;0 250;31;7 750
05/06/2025;TN2781ZB9E10;EMP NAT 2024 T1 CB TV;20 000;2 000;20;8 000
05/06/2025;TNMCPXLL1EE2;EMP NAT 2023 T4 CB TV;15 000;1 500;11;8 750
05/06/2025;TNUWXR58DVH5;EMP NAT 2024 T1 CB TF;15 500;1 550;11;8 750
05/06/2025;TN0008000580;BTA 6,3% Octobre 2026;289;0 301;18;7 500
05/06/2025;TNX0K9990B08;EMP NAT 2024 T2 CB TF;49 294;5 000;11;8 500
05/06/2025;TNBII1MJCEF3;EMP NAT 2023 T4 CB TF;94 671;10 000;32;8 500
05/06/2025;TNBII1MJCEF3;EMP NAT 2023 T4 CB TF;9 468;1 000;92;8 500
05/06/2025;TNX0K9990B08;EMP NAT 2024 T2 CB TF;8 380;0 850;19;8 500
05/06/2025;TNX0K9990B08;EMP NAT 2024 T2 CB TF;9 859;1 000;19;8 500
05/06/2025;TN0008000762;BTA 8% Novembre 2030;2 682;2 800;60;8 500
05/06/2025;TN0008000739;BTA 7,4% Fevrier 2030;1 564;1 600;29;7 750
05/06/2025;TN2781ZB9E10;EMP NAT 2024 T1 CB TV;10 000;1 000;12;8 600
05/06/2025;TN0008000838;EMP NAT T1 2021 CB;6 000;0 600;20;8 600
05/06/2025;TNN50G7PX8W5;EMP NAT 2023 T2 CB TV;89 000;8 900;20;8 600
05/06/2025;TN0008000762;BTA 8% Novembre 2030;287;0 300;15;7 000
05/06/2025;TN0008000606;BTA 6,7% Avril 2028;2 971;3 000;29;8 200
05/06/2025;TN0008000762;BTA 8% Novembre 2030;8 622;9 000;90;8 300
05/06/2025;TNX0K9990B08;EMP NAT 2024 T2 CB TF;19 718;2 000;341;8 500
05/06/2025;TNBII1MJCEF3;EMP NAT 2023 T4 CB TF;47 336;5 000;11;8 500
05/06/2025;TNX0K9990B08;EMP NAT 2024 T2 CB TF;11 338;1 150;5;8 500
06/01/2025;TN2781ZB9E10;EMP NAT 2024 T1 CB TV;40 000;4 000;30;8 990
06/01/2025;TN2781ZB9E10;EMP NAT 2024 T1 CB TV;30 000;3 000;30;8 990
06/01/2025;TN0008000580;BTA 6,3% Octobre 2026;198;0 201;17;7 990
06/01/2025;TN0008000580;BTA 6,3% Octobre 2026;296;0 300;48;7 990
06/01/2025;TN9092FJVKK8;EMP NAT 2024 T4 CB TF;16 877;1 700;30;8 990
06/01/2025;TNXJGTXAROH4;BTA 9,90% 26 décembre 2034;39 743;39 999;35;8 990
06/01/2025;TN0008000721;BTA 7,2% Fevrier 2027;8 954;10 000;14;8 250
06/01/2025;TN0008000721;BTA 7,2% Fevrier 2027;1 344;1 500;7;8 250
06/01/2025;TN0008000721;BTA 7,2% Fevrier 2027;1 344;1 500;8;8 250
06/01/2025;TNXJGTXAROH4;BTA 9,90% 26 décembre 2034;84 455;84 999;30;8 990
06/01/2025;TN0008000721;BTA 7,2% Fevrier 2027;1 791;2 000;9;8 250
06/01/2025;TN9092FJVKK8;EMP NAT 2024 T4 CB TF;39 710;4 000;30;8 990
06/01/2025;TN0008000697;BTA 7% Juillet 2028;1 572;1 501;30;8 990
06/01/2025;TNLRQIP0OJY4;BTA 9% septembre 2029;5 010;5 001;18;8 990
06/01/2025;TN0008000655;BTA 6,6% Mars 2027;3 022;3 000;30;9 200
06/01/2025;TN0008000721;BTA 7,2% Fevrier 2027;6 268;7 000;7;8 250
06/01/2025;TN0008000721;BTA 7,2% Fevrier 2027;5 373;6 000;7;8 250
06/01/2025;TN0008000721;BTA 7,2% Fevrier 2027;4 477;5 000;7;8 250
06/01/2025;TNXJGTXAROH4;BTA 9,90% 26 décembre 2034;14 754;14 849;7;8 150
06/01/2025;TNCR2TMAK1K8;EMP NAT 2023 T2 CB TF;23 541;2 500;7;8 000
06/01/2025;TN9092FJVKK8;EMP NAT 2024 T4 CB TF;9 928;1 000;21;7 490
06/01/2025;TN0008000747;BTA 7,2% Mai 2027;955;1 000;10;8 990
06/01/2025;TN9092FJVKK8;EMP NAT 2024 T4 CB TF;1 986;0 200;21;7 490
06/01/2025;TN0008000606;BTA 6,7% Avril 2028;84;0 081;63;8 500
06/01/2025;TN0008000606;BTA 6,7% Avril 2028;741;0 716;63;8 500
06/01/2025;TN0008000606;BTA 6,7% Avril 2028;16;0 015;63;8 500
06/01/2025;TN9092FJVKK8;EMP NAT 2024 T4 CB TF;49 637;5 000;18;8 990
06/01/2025;TNXJGTXAROH4;BTA 9,90% 26 décembre 2034;74 519;74 999;88;9 150
06/01/2025;TN0008000655;BTA 6,6% Mars 2027;6 545;6 500;30;9 200
06/01/2025;TNRS9CVT3SJ7;EMP NAT 2023 T3 CB TV;5 000;0 500;157;9 100
06/01/2025;TNX0K9990B08;EMP NAT 2024 T2 CB TF;5 000;0 500;80;9 100
06/01/2025;TN2781ZB9E10;EMP NAT 2024 T1 CB TV;15 500;1 550;10;9 140
06/01/2025;TNRS9CVT3SJ7;EMP NAT 2023 T3 CB TV;25 000;2 500;157;9 100
06/01/2025;TNMCPXLL1EE2;EMP NAT 2023 T4 CB TV;25 000;2 500;333;9 400
06/01/2025;TN0008000622;BTA 6,3% Mars 2026;1 520;1 600;30;8 200
06/01/2025;TNN50G7PX8W5;EMP NAT 2023 T2 CB TV;30 000;3 000;80;8 990
06/01/2025;TN3C6DVEWM76;EMP NAT 2023 T1 CB TV;10 000;1 000;31;9 000
06/01/2025;TNN50G7PX8W5;EMP NAT 2023 T2 CB TV;30 000;3 000;80;8 990
06/01/2025;TNUWXR58DVH5;EMP NAT 2024 T1 CB TF;100 000;10 000;15;9 100
06/01/2025;TN3C6DVEWM76;EMP NAT 2023 T1 CB TV;100 000;10 000;14;9 100
06/01/2025;TN9092FJVKK8;EMP NAT 2024 T4 CB TF;8 935;0 900;14;8 990
06/01/2025;TN9092FJVKK8;EMP NAT 2024 T4 CB TF;27 797;2 800;18;8 990
06/01/2025;TN9092FJVKK8;EMP NAT 2024 T4 CB TF;8 439;0 850;10;8 990
06/01/2025;TN9092FJVKK8;EMP NAT 2024 T4 CB TF;4 964;0 500;42;8 990
06/01/2025;TN9092FJVKK8;EMP NAT 2024 T4 CB TF;1 490;0 150;102;8 990
06/01/2025;TNRS9CVT3SJ7;EMP NAT 2023 T3 CB TV;80 000;8 000;182;9 100
06/01/2025;TNN50G7PX8W5;EMP NAT 2023 T2 CB TV;11 500;1 150;10;9 600
06/01/2025;TNN50G7PX8W5;EMP NAT 2023 T2 CB TV;68 600;6 860;10;9 600
06/01/2025;TN3C6DVEWM76;EMP NAT 2023 T1 CB TV;20 000;2 000;24;9 000
06/01/2025;TN0008000622;BTA 6,3% Mars 2026;41 632;43 800;30;8 990
06/01/2025;TN0008000747;BTA 7,2% Mai 2027;1 814;1 900;30;8 800
06/01/2025;TN9092FJVKK8;EMP NAT 2024 T4 CB TF;129 055;13 000;15;8 990
06/01/2025;TNXJGTXAROH4;BTA 9,90% 26 décembre 2034;993;0 999;78;8 990
06/02/2025;TNNR35P1MXQ0;BTC 52 semaines 02052025;28 813;28 254;11;8 100
06/02/2025;TN0008000655;BTA 6,6% Mars 2027;5 994;6 000;28;9 000
06/02/2025;TNPDPODY2398;EMP NAT 2024 T3 CC TF;65 000;6 500;25;9 950
06/02/2025;TN0008000812;BTA 7,5% 13/12/2028;1 064;1 000;11;9 230
06/02/2025;TNBII1MJCEF3;EMP NAT 2023 T4 CB TF;5 510;0 560;127;8 990
06/02/2025;TNBII1MJCEF3;EMP NAT 2023 T4 CB TF;54 111;5 500;14;8 990
06/02/2025;TNBII1MJCEF3;EMP NAT 2023 T4 CB TF;2 952;0 300;32;8 490
06/02/2025;TN0008000655;BTA 6,6% Mars 2027;1 998;2 000;15;8 990
06/02/2025;TNBII1MJCEF3;EMP NAT 2023 T4 CB TF;19 677;2 000;15;8 990
06/02/2025;TNN50G7PX8W5;EMP NAT 2023 T2 CB TV;15 500;1 550;11;9 090
06/02/2025;TN0008000747;BTA 7,2% Mai 2027;1 794;1 890;89;8 900
06/02/2025;TNCR2TMAK1K8;EMP NAT 2023 T2 CB TF;23 824;2 550;7;8 000
06/02/2025;TNBII1MJCEF3;EMP NAT 2023 T4 CB TF;16 726;1 700;20;8 990
06/02/2025;TNN50G7PX8W5;EMP NAT 2023 T2 CB TV;7 500;0 750;47;9 600
06/02/2025;TNBII1MJCEF3;EMP NAT 2023 T4 CB TF;28 531;2 900;32;8 990
06/02/2025;TN0008000655;BTA 6,6% Mars 2027;1 499;1 501;29;8 990
06/03/2025;TN0008000812;BTA 7,5% 13/12/2028;3 314;3 445;11;7 990
06/03/2025;TN0008000812;BTA 7,5% 13/12/2028;587;0 610;11;7 990
06/03/2025;TN0008000812;BTA 7,5% 13/12/2028;538;0 559;11;7 990
06/03/2025;TN9092FJVKK8;EMP NAT 2024 T4 CB TF;4 892;0 500;20;8 990
06/03/2025;TN9092FJVKK8;EMP NAT 2024 T4 CB TF;9 783;1 000;20;8 990
06/03/2025;TN9092FJVKK8;EMP NAT 2024 T4 CB TF;3 913;0 400;20;8 990
06/03/2025;TN9092FJVKK8;EMP NAT 2024 T4 CB TF;44 020;4 500;20;8 990
06/03/2025;TN9092FJVKK8;EMP NAT 2024 T4 CB TF;3 913;0 400;29;8 990
06/03/2025;TN9092FJVKK8;EMP NAT 2024 T4 CB TF;68 476;7 000;11;8 990
06/03/2025;TN0008000739;BTA 7,4% Fevrier 2030;8 300;7 600;343;8 890
06/03/2025;TN0008000747;BTA 7,2% Mai 2027;5 927;6 001;22;9 000
06/03/2025;TN0008000721;BTA 7,2% Fevrier 2027;4 145;4 000;20;7 990
06/03/2025;TN0008000721;BTA 7,2% Fevrier 2027;3 110;3 000;20;7 990
06/03/2025;TNVE955M6R90;EMP NAT 2023 T3 CB TF;4 000;0 400;33;9 000
06/03/2025;TNNR35P1MXQ0;BTC 52 semaines 02052025;60 788;59 999;32;8 450
06/03/2025;TNVE955M6R90;EMP NAT 2023 T3 CB TF;2 000;0 200;33;9 000
06/03/2025;TN9092FJVKK8;EMP NAT 2024 T4 CB TF;29 347;3 000;111;9 840
06/03/2025;TNCR2TMAK1K8;EMP NAT 2023 T2 CB TF;23 660;2 550;7;8 000
06/03/2025;TN0008000622;BTA 6,3% Mars 2026;706;0 750;4;8 990
06/03/2025;TN0008000606;BTA 6,7% Avril 2028;2 642;2 800;15;8 990
06/03/2025;TNX0K9990B08;EMP NAT 2024 T2 CB TF;74 000;7 400;13;9 100
06/03/2025;TNRS9CVT3SJ7;EMP NAT 2023 T3 CB TV;5 500;0 550;13;9 100
06/03/2025;TN9092FJVKK8;EMP NAT 2024 T4 CB TF;70 921;7 250;15;8 990
06/03/2025;TN9092FJVKK8;EMP NAT 2024 T4 CB TF;2 935;0 300;11;7 490
06/05/2025;TNGCLJS7FYQ7;EMP NAT 2024 T4 CC TF;30 000;3 000;30;8 000
06/05/2025;TN9092FJVKK8;EMP NAT 2024 T4 CB TF;26 928;2 800;30;8 500
06/05/2025;TN9092FJVKK8;EMP NAT 2024 T4 CB TF;19 234;2 000;21;8 500
06/05/2025;TN9092FJVKK8;EMP NAT 2024 T4 CB TF;3 847;0 400;14;8 500
06/05/2025;TNN50G7PX8W5;EMP NAT 2023 T2 CB TV;6 300;0 630;10;8 600
06/05/2025;TN0008000606;BTA 6,7% Avril 2028;1 892;1 900;90;8 400
06/05/2025;TN0008000663;BTA 7,5% Juillet 2032;2 897;3 000;36;8 500
06/05/2025;TN0008000838;EMP NAT T1 2021 CB;2 750;0 275;20;9 500
06/05/2025;TNPDPODY2398;EMP NAT 2024 T3 CC TF;76 000;7 600;13;8 600
07/01/2025;TN0008000747;BTA 7,2% Mai 2027;572;0 600;90;8 500
07/01/2025;TN0008000697;BTA 7% Juillet 2028;1 048;1 001;30;8 990
07/01/2025;TN9092FJVKK8;EMP NAT 2024 T4 CB TF;22 827;2 300;10;8 990
07/01/2025;TN9092FJVKK8;EMP NAT 2024 T4 CB TF;49 624;5 000;16;8 990
07/01/2025;TN9092FJVKK8;EMP NAT 2024 T4 CB TF;9 925;1 000;27;8 990
07/01/2025;TNXJGTXAROH4;BTA 9,90% 26 décembre 2034;30 305;30 524;7;8 150
07/01/2025;TNXJGTXAROH4;BTA 9,90% 26 décembre 2034;4 964;5 000;90;9 150
07/01/2025;TNXJGTXAROH4;BTA 9,90% 26 décembre 2034;1 985;1 999;30;8 990
07/01/2025;TNXJGTXAROH4;BTA 9,90% 26 décembre 2034;7 942;7 999;181;8 990
07/01/2025;TNXJGTXAROH4;BTA 9,90% 26 décembre 2034;1 985;1 999;181;8 990
07/01/2025;TNXJGTXAROH4;BTA 9,90% 26 décembre 2034;8 935;9 000;181;8 990
07/01/2025;TNPDPODY2398;EMP NAT 2024 T3 CC TF;30 000;3 000;65;9 000
07/01/2025;TNPDPODY2398;EMP NAT 2024 T3 CC TF;10 000;1 000;77;9 000
07/01/2025;TNPDPODY2398;EMP NAT 2024 T3 CC TF;15 000;1 500;78;9 000
07/01/2025;TN0008000812;BTA 7,5% 13/12/2028;536;0 500;30;9 090
07/01/2025;TNLRQIP0OJY4;BTA 9% septembre 2029;5 008;5 000;20;8 990
07/01/2025;TN9092FJVKK8;EMP NAT 2024 T4 CB TF;4 963;0 500;13;8 990
07/01/2025;TN9092FJVKK8;EMP NAT 2024 T4 CB TF;6 948;0 700;7;8 990
07/01/2025;TN9092FJVKK8;EMP NAT 2024 T4 CB TF;49 624;5 000;20;8 990
07/01/2025;TN0008000762;BTA 8% Novembre 2030;1 979;2 001;125;8 990
07/01/2025;TN0008000762;BTA 8% Novembre 2030;3 957;4 000;127;8 990
07/01/2025;TN0008000580;BTA 6,3% Octobre 2026;1 972;2 001;20;7 990
07/01/2025;TN0008000721;BTA 7,2% Fevrier 2027;6 266;7 000;15;8 250
07/01/2025;TNPDPODY2398;EMP NAT 2024 T3 CC TF;70 000;7 000;15;9 100
07/01/2025;TN0008000721;BTA 7,2% Fevrier 2027;7 608;8 500;16;8 250
07/01/2025;TN0008000721;BTA 7,2% Fevrier 2027;717;0 800;6;8 250
07/01/2025;TN0008000770;BTA 7,3% Decembre 2027;845;0 800;23;9 000
07/01/2025;TN0008000606;BTA 6,7% Avril 2028;517;0 500;30;9 090
07/02/2025;TNGNCCQYSMR1;BTA 9.9% decembre 2033;1 967;2 000;31;8 400
07/02/2025;TN0008000796;BTA 7,5% Janvier 2028;1 000;1 000;346;8 990
07/02/2025;TNKF195OZHN9;TAYSIR 2023-1 TF;10 000;0 800;31;9 640
07/02/2025;TNN34MAL82X0;MICROCRED 2024-1 TF;1 000;0 100;31;9 640
07/02/2025;TN0008000838;EMP NAT T1 2021 CB;15 000;1 500;31;9 640
07/02/2025;TN46TGZRABR7;TAYSIR 2023-1 TV;20 000;1 600;31;9 640
07/02/2025;TNGNCCQYSMR1;BTA 9.9% decembre 2033;58 989;60 000;31;8 450
07/02/2025;TNGNCCQYSMR1;BTA 9.9% decembre 2033;6 882;7 000;62;9 120
07/02/2025;TN0008000747;BTA 7,2% Mai 2027;3 569;3 760;28;8 890
07/02/2025;TNBII1MJCEF3;EMP NAT 2023 T4 CB TF;90 000;9 000;13;9 100
07/02/2025;TNBII1MJCEF3;EMP NAT 2023 T4 CB TF;19 672;2 000;31;8 990
07/02/2025;TNBII1MJCEF3;EMP NAT 2023 T4 CB TF;14 754;1 500;10;8 990
07/02/2025;TN0008000655;BTA 6,6% Mars 2027;999;1 000;31;8 990
07/02/2025;TNBII1MJCEF3;EMP NAT 2023 T4 CB TF;29 507;3 000;17;8 990
07/02/2025;TNBII1MJCEF3;EMP NAT 2023 T4 CB TF;1 968;0 200;17;8 990
07/02/2025;TN0008000747;BTA 7,2% Mai 2027;1 898;2 000;10;7 990
07/02/2025;TNX0K9990B08;EMP NAT 2024 T2 CB TF;30 000;3 000;12;9 100
07/02/2025;TNVE955M6R90;EMP NAT 2023 T3 CB TF;50 000;5 000;12;9 100
07/04/2025;TN9092FJVKK8;EMP NAT 2024 T4 CB TF;3 885;0 400;25;8 910
07/04/2025;TN9092FJVKK8;EMP NAT 2024 T4 CB TF;4 856;0 500;25;8 910
07/04/2025;TN9092FJVKK8;EMP NAT 2024 T4 CB TF;5 827;0 600;25;8 910
07/04/2025;TN9092FJVKK8;EMP NAT 2024 T4 CB TF;3 885;0 400;25;8 910
07/04/2025;TN9092FJVKK8;EMP NAT 2024 T4 CB TF;7 769;0 800;11;8 910
07/04/2025;TN9092FJVKK8;EMP NAT 2024 T4 CB TF;29 131;3 000;11;8 910
07/04/2025;TNBII1MJCEF3;EMP NAT 2023 T4 CB TF;38 792;4 000;10;8 910
07/04/2025;TNBII1MJCEF3;EMP NAT 2023 T4 CB TF;198 808;20 500;10;8 910
07/04/2025;TNFC8O7A98F4;EMP NAT 2024 T3 CB TF;39 905;4 200;30;8 410
07/04/2025;TN0008000622;BTA 6,3% Mars 2026;8 364;8 200;30;8 250
07/04/2025;TN0008000622;BTA 6,3% Mars 2026;5 100;5 000;30;8 250
07/04/2025;TN0008000622;BTA 6,3% Mars 2026;1 428;1 400;30;8 250
07/04/2025;TN0008000622;BTA 6,3% Mars 2026;222;0 218;30;8 250
07/04/2025;TN0008000622;BTA 6,3% Mars 2026;124;0 122;30;8 250
07/04/2025;TN0008000622;BTA 6,3% Mars 2026;1 530;1 500;30;8 250
07/04/2025;TNGNCCQYSMR1;BTA 9.9% decembre 2033;26 836;27 700;7;8 000
07/04/2025;TN0008000747;BTA 7,2% Mai 2027;187;0 200;30;7 250
07/04/2025;TN0008000747;BTA 7,2% Mai 2027;3 582;3 815;30;8 810
07/04/2025;TN0008000747;BTA 7,2% Mai 2027;563;0 600;30;8 000
07/04/2025;TN0008000762;BTA 8% Novembre 2030;29 774;30 691;25;9 560
07/04/2025;TN0008000812;BTA 7,5% 13/12/2028;526;0 550;10;8 250
07/04/2025;TN0008000812;BTA 7,5% 13/12/2028;3 345;3 500;10;8 250
07/04/2025;TN0008000812;BTA 7,5% 13/12/2028;630;0 600;10;9 230
07/04/2025;TN0008000812;BTA 7,5% 13/12/2028;268;0 280;10;8 250
07/04/2025;TNN50G7PX8W5;EMP NAT 2023 T2 CB TV;15 000;1 500;15;8 200
07/04/2025;TNN50G7PX8W5;EMP NAT 2023 T2 CB TV;25 000;2 500;18;8 200
07/04/2025;TNFC8O7A98F4;EMP NAT 2024 T3 CB TF;66 508;7 000;18;8 910
07/04/2025;TNN50G7PX8W5;EMP NAT 2023 T2 CB TV;9 500;0 950;14;8 990
07/04/2025;TN0008000622;BTA 6,3% Mars 2026;10 200;10 000;30;8 250
07/04/2025;TNGNCCQYSMR1;BTA 9.9% decembre 2033;2 034;2 099;3;7 750
07/04/2025;TNN50G7PX8W5;EMP NAT 2023 T2 CB TV;63 000;6 300;14;8 990
07/04/2025;TNN50G7PX8W5;EMP NAT 2023 T2 CB TV;15 000;1 500;4;8 990
07/04/2025;TNN50G7PX8W5;EMP NAT 2023 T2 CB TV;13 000;1 300;9;8 990
07/04/2025;TNHUVZNLATV4;BTA 8% 31 Janvier 2029;5 013;4 800;14;8 660
07/04/2025;TN0008000812;BTA 7,5% 13/12/2028;2 032;1 937;248;8 910
07/04/2025;TNRS9CVT3SJ7;EMP NAT 2023 T3 CB TV;2 000;0 200;77;9 250
07/04/2025;TNHUVZNLATV4;BTA 8% 31 Janvier 2029;3 198;3 062;297;8 910
07/04/2025;TN0008000812;BTA 7,5% 13/12/2028;239;0 250;10;8 250
07/04/2025;TNNR35P1MXQ0;BTC 52 semaines 02052025;90 000;89 446;10;8 000
07/04/2025;TN0008000721;BTA 7,2% Fevrier 2027;3 499;3 400;305;8 500
07/05/2025;TN9092FJVKK8;EMP NAT 2024 T4 CB TF;14 422;1 500;5;8 500
07/05/2025;TN9092FJVKK8;EMP NAT 2024 T4 CB TF;9 615;1 000;13;8 500
07/05/2025;TN9092FJVKK8;EMP NAT 2024 T4 CB TF;5 769;0 600;12;8 500
07/05/2025;TN9092FJVKK8;EMP NAT 2024 T4 CB TF;6 000;0 624;180;8 500
07/05/2025;TN9092FJVKK8;EMP NAT 2024 T4 CB TF;40 381;4 200;30;8 500
07/05/2025;TN9092FJVKK8;EMP NAT 2024 T4 CB TF;19 229;2 000;15;8 500
07/05/2025;TN9092FJVKK8;EMP NAT 2024 T4 CB TF;38 458;4 000;14;8 500
07/05/2025;TN2781ZB9E10;EMP NAT 2024 T1 CB TV;61 000;6 100;13;8 600
07/05/2025;TN2781ZB9E10;EMP NAT 2024 T1 CB TV;7 500;0 750;12;8 600
07/05/2025;TN0008000663;BTA 7,5% Juillet 2032;282;0 300;22;7 500
07/05/2025;TN0008000762;BTA 8% Novembre 2030;3 731;3 843;29;8 400
07/05/2025;TN9092FJVKK8;EMP NAT 2024 T4 CB TF;96 144;10 000;23;8 500
07/07/2025;TNOXRGYG8RL8;BTA 8% 24 Novembre 2025;1 907;2 001;7;6 750
07/07/2025;TNOXRGYG8RL8;BTA 8% 24 Novembre 2025;3 813;4 000;91;7 500
07/07/2025;TNUWXR58DVH5;EMP NAT 2024 T1 CB TF;30 000;3 000;10;8 750
07/07/2025;TN0008000739;BTA 7,4% Fevrier 2030;1 943;2 000;8;8 500
07/07/2025;TN0008000739;BTA 7,4% Fevrier 2030;31 579;30 000;91;8 500
07/07/2025;TN0008000739;BTA 7,4% Fevrier 2030;31 579;30 000;120;8 550
07/07/2025;TN0008000739;BTA 7,4% Fevrier 2030;1 052;0 999;91;8 500
07/07/2025;TNUWXR58DVH5;EMP NAT 2024 T1 CB TF;13 870;1 450;7;8 500
07/07/2025;TNUWXR58DVH5;EMP NAT 2024 T1 CB TF;191 299;20 000;14;8 500
07/07/2025;TNUWXR58DVH5;EMP NAT 2024 T1 CB TF;191 299;20 000;14;8 500
07/07/2025;TNUWXR58DVH5;EMP NAT 2024 T1 CB TF;114 779;12 000;14;8 500
07/07/2025;TNUWXR58DVH5;EMP NAT 2024 T1 CB TF;4 783;0 500;4;8 500
07/07/2025;TNVFSFLG1FH4;EMP NAT 2022 T4 CC TV;10 000;1 000;9;8 600
07/07/2025;TNRS9CVT3SJ7;EMP NAT 2023 T3 CB TV;53 500;5 350;15;8 600
07/07/2025;TNUWXR58DVH5;EMP NAT 2024 T1 CB TF;120 518;12 600;8;8 500
07/07/2025;TNUWXR58DVH5;EMP NAT 2024 T1 CB TF;95 650;10 000;8;8 500
07/07/2025;TNUWXR58DVH5;EMP NAT 2024 T1 CB TF;24 869;2 600;10;8 500
07/07/2025;TNBII1MJCEF3;EMP NAT 2023 T4 CB TF;65 754;7 000;21;8 500
07/07/2025;TNBII1MJCEF3;EMP NAT 2023 T4 CB TF;14 091;1 500;21;8 500
07/07/2025;TNUWXR58DVH5;EMP NAT 2024 T1 CB TF;105 214;11 000;24;8 500
07/07/2025;TNUWXR58DVH5;EMP NAT 2024 T1 CB TF;8 609;0 900;10;8 500
07/07/2025;TN2781ZB9E10;EMP NAT 2024 T1 CB TV;10 000;1 000;91;8 350
08/01/2025;TN0008000655;BTA 6,6% Mars 2027;2 014;2 001;30;8 990
08/01/2025;TNN34MAL82X0;MICROCRED 2024-1 TF;1 000;0 100;30;9 990
08/01/2025;TNKF195OZHN9;TAYSIR 2023-1 TF;10 000;0 800;30;9 990
08/01/2025;TN46TGZRABR7;TAYSIR 2023-1 TV;20 000;1 600;30;9 990
08/01/2025;TN9092FJVKK8;EMP NAT 2024 T4 CB TF;3 870;0 390;180;10 440
08/01/2025;TN0008000622;BTA 6,3% Mars 2026;1 426;1 501;55;8 500
08/01/2025;TN9092FJVKK8;EMP NAT 2024 T4 CB TF;19 845;2 000;30;8 990
08/01/2025;TN9092FJVKK8;EMP NAT 2024 T4 CB TF;5 954;0 600;90;8 990
08/01/2025;TNXJGTXAROH4;BTA 9,90% 26 décembre 2034;2 977;2 999;30;8 300
08/01/2025;TNXJGTXAROH4;BTA 9,90% 26 décembre 2034;3 970;4 000;30;8 990
08/01/2025;TNXJGTXAROH4;BTA 9,90% 26 décembre 2034;59 553;59 999;30;8 450
08/01/2025;TNXJGTXAROH4;BTA 9,90% 26 décembre 2034;1 985;2 000;36;8 400
08/01/2025;TNXJGTXAROH4;BTA 9,90% 26 décembre 2034;4 962;4 999;153;8 650
08/01/2025;TN0008000655;BTA 6,6% Mars 2027;7 046;7 000;20;8 990
08/01/2025;TN9092FJVKK8;EMP NAT 2024 T4 CB TF;69 455;7 000;20;8 990
08/01/2025;TN9092FJVKK8;EMP NAT 2024 T4 CB TF;59 533;6 000;16;8 990
08/01/2025;TN9092FJVKK8;EMP NAT 2024 T4 CB TF;9 923;1 000;21;8 990
08/01/2025;TN9092FJVKK8;EMP NAT 2024 T4 CB TF;13 395;1 350;12;8 990
08/01/2025;TN0008000812;BTA 7,5% 13/12/2028;7 797;8 000;7;8 250
08/01/2025;TN0008000721;BTA 7,2% Fevrier 2027;7 606;8 500;16;8 250
08/01/2025;TN0008000655;BTA 6,6% Mars 2027;504;0 501;30;9 090
08/01/2025;TNVE955M6R90;EMP NAT 2023 T3 CB TF;80 000;8 000;15;9 100
08/01/2025;TN0008000721;BTA 7,2% Fevrier 2027;2 685;3 000;19;8 250
08/01/2025;TN0008000721;BTA 7,2% Fevrier 2027;2 685;3 000;12;8 250
08/01/2025;TN0008000739;BTA 7,4% Fevrier 2030;3 084;2 999;33;7 990
08/01/2025;TNCR2TMAK1K8;EMP NAT 2023 T2 CB TF;10 343;1 100;50;8 500
08/01/2025;TNCR2TMAK1K8;EMP NAT 2023 T2 CB TF;1 411;0 150;50;8 500
08/01/2025;TN0008000739;BTA 7,4% Fevrier 2030;514;0 500;30;9 090
08/01/2025;TN0008000622;BTA 6,3% Mars 2026;285;0 300;50;7 500
08/04/2025;TN0008000721;BTA 7,2% Fevrier 2027;20 501;20 000;30;8 250
08/04/2025;TN0008000762;BTA 8% Novembre 2030;6 304;6 000;92;8 500
08/04/2025;TN0008000747;BTA 7,2% Mai 2027;563;0 600;8;8 910
08/04/2025;TN0008000762;BTA 8% Novembre 2030;484;0 500;181;7 800
08/04/2025;TNN50G7PX8W5;EMP NAT 2023 T2 CB TV;66 000;6 600;14;8 990
08/04/2025;TNN50G7PX8W5;EMP NAT 2023 T2 CB TV;11 000;1 100;14;8 990
08/04/2025;TN0008000580;BTA 6,3% Octobre 2026;2 535;2 501;21;7 500
08/04/2025;TNFC8O7A98F4;EMP NAT 2024 T3 CB TF;5 703;0 600;8;8 910
08/04/2025;TNFC8O7A98F4;EMP NAT 2024 T3 CB TF;142 575;15 000;10;8 910
08/04/2025;TNFC8O7A98F4;EMP NAT 2024 T3 CB TF;23 763;2 500;30;8 410
08/04/2025;TNFC8O7A98F4;EMP NAT 2024 T3 CB TF;5 703;0 600;10;8 910
08/04/2025;TNFC8O7A98F4;EMP NAT 2024 T3 CB TF;24 961;2 626;24;8 410
08/04/2025;TN0008000812;BTA 7,5% 13/12/2028;536;0 560;10;7 910
08/04/2025;TNFC8O7A98F4;EMP NAT 2024 T3 CB TF;14 258;1 500;10;8 910
08/05/2025;TN0008000770;BTA 7,3% Decembre 2027;1 166;1 201;91;7 700
08/05/2025;TN0008000770;BTA 7,3% Decembre 2027;146;0 150;55;7 500
08/05/2025;TN0008000762;BTA 8% Novembre 2030;578;0 600;90;8 150
08/05/2025;TNMCPXLL1EE2;EMP NAT 2023 T4 CB TV;53 000;5 300;13;8 600
08/05/2025;TNMCPXLL1EE2;EMP NAT 2023 T4 CB TV;3 000;0 300;12;8 600
08/05/2025;TNFGSJPDAWE9;ENDA TAMWEEL 2023-1 CA TV;5 229;0 523;90;8 600
08/05/2025;TN9FK1JVMO04;BTCT 52 semaines 04052026;90 000;82 680;32;8 000
08/05/2025;TN9092FJVKK8;EMP NAT 2024 T4 CB TF;14 418;1 500;11;8 500
08/05/2025;TN9092FJVKK8;EMP NAT 2024 T4 CB TF;4 806;0 500;11;8 500
08/05/2025;TN9092FJVKK8;EMP NAT 2024 T4 CB TF;19 224;2 000;32;8 500
08/05/2025;TN9092FJVKK8;EMP NAT 2024 T4 CB TF;26 914;2 800;90;8 500
08/05/2025;TN0008000812;BTA 7,5% 13/12/2028;615;0 650;11;8 250
08/05/2025;TN0008000812;BTA 7,5% 13/12/2028;142;0 150;11;8 250
08/05/2025;TN0008000812;BTA 7,5% 13/12/2028;189;0 200;11;8 250
08/05/2025;TN0008000812;BTA 7,5% 13/12/2028;4 063;4 300;11;8 250
08/05/2025;TN0008000762;BTA 8% Novembre 2030;96;0 100;32;7 270
08/05/2025;TN9092FJVKK8;EMP NAT 2024 T4 CB TF;9 612;1 000;34;8 500
08/05/2025;TN9092FJVKK8;EMP NAT 2024 T4 CB TF;25 241;2 626;60;8 500
08/05/2025;TN9092FJVKK8;EMP NAT 2024 T4 CB TF;9 612;1 000;20;8 500
08/07/2025;TN0008000762;BTA 8% Novembre 2030;2 029;2 000;30;8 500
08/07/2025;TNN50G7PX8W5;EMP NAT 2023 T2 CB TV;100 000;10 000;15;8 600
08/07/2025;TNMCPXLL1EE2;EMP NAT 2023 T4 CB TV;9 800;0 980;9;8 600
08/07/2025;TN0008000812;BTA 7,5% 13/12/2028;79;0 085;50;7 770
08/07/2025;TN0008000739;BTA 7,4% Fevrier 2030;2 914;0 300;21;7 250
08/07/2025;TNI5BPOGW9F1;BTA 9,89% 13 Juin 2033;6 753;6 800;339;8 540
08/07/2025;TNI5BPOGW9F1;BTA 9,89% 13 Juin 2033;3 356;3 380;339;8 540
08/07/2025;TNI5BPOGW9F1;BTA 9,89% 13 Juin 2033;5 760;5 800;339;8 540
08/07/2025;TNI5BPOGW9F1;BTA 9,89% 13 Juin 2033;5 760;5 800;339;8 540
08/07/2025;TN0008000606;BTA 6,7% Avril 2028;1 969;2 000;14;8 000
08/07/2025;TNBII1MJCEF3;EMP NAT 2023 T4 CB TF;18 781;2 000;30;8 500
09/01/2025;TN0008000606;BTA 6,7% Avril 2028;518;0 501;74;8 750
09/01/2025;TNXJGTXAROH4;BTA 9,90% 26 décembre 2034;992;1 000;77;8 650
09/01/2025;TNXJGTXAROH4;BTA 9,90% 26 décembre 2034;2 976;2 999;99;8 650
09/01/2025;TNGCLJS7FYQ7;EMP NAT 2024 T4 CC TF;10 000;1 015;330;9 300
09/01/2025;TN0008000838;EMP NAT T1 2021 CB;14 337;1 500;74;8 500
09/01/2025;TN0008000838;EMP NAT T1 2021 CB;15 000;1 500;29;9 990
09/01/2025;TN0008000838;EMP NAT T1 2021 CB;14 337;1 500;74;8 500
09/01/2025;TN9092FJVKK8;EMP NAT 2024 T4 CB TF;89 275;9 000;22;8 990
09/01/2025;TNXJGTXAROH4;BTA 9,90% 26 décembre 2034;7 938;8 000;180;8 990
09/01/2025;TN3C6DVEWM76;EMP NAT 2023 T1 CB TV;20 000;2 000;11;9 600
09/01/2025;TN0008000606;BTA 6,7% Avril 2028;3 336;3 501;77;8 750
09/01/2025;TN3C6DVEWM76;EMP NAT 2023 T1 CB TV;1 000;0 100;11;9 600
09/01/2025;TN0008000606;BTA 6,7% Avril 2028;477;0 501;77;8 750
09/01/2025;TN9092FJVKK8;EMP NAT 2024 T4 CB TF;6 944;0 700;11;8 990
09/01/2025;TN0008000655;BTA 6,6% Mars 2027;1 510;1 501;21;9 000
09/01/2025;TN9092FJVKK8;EMP NAT 2024 T4 CB TF;9 920;1 000;11;8 990
09/01/2025;TNRGVSC8DE36;EMP NAT 2022 T3 CB TF;14 571;1 500;29;8 050
09/01/2025;TN9092FJVKK8;EMP NAT 2024 T4 CB TF;44 638;4 500;11;8 990
09/01/2025;TN0008000721;BTA 7,2% Fevrier 2027;3 579;4 000;6;8 250
09/01/2025;TN9092FJVKK8;EMP NAT 2024 T4 CB TF;3 968;0 400;11;8 990
09/01/2025;TN9092FJVKK8;EMP NAT 2024 T4 CB TF;3 968;0 400;90;8 990
09/01/2025;TN9092FJVKK8;EMP NAT 2024 T4 CB TF;148 791;15 000;11;8 990
09/01/2025;TN9092FJVKK8;EMP NAT 2024 T4 CB TF;11 904;1 200;11;8 990
09/01/2025;TNXJGTXAROH4;BTA 9,90% 26 décembre 2034;1 984;1 999;76;8 400
09/01/2025;TN9092FJVKK8;EMP NAT 2024 T4 CB TF;1 736;0 175;95;8 990
09/01/2025;TN9092FJVKK8;EMP NAT 2024 T4 CB TF;74 396;7 500;18;8 990
09/01/2025;TN0008000580;BTA 6,3% Octobre 2026;4 927;5 001;20;7 990
09/01/2025;TN9092FJVKK8;EMP NAT 2024 T4 CB TF;4 464;0 450;13;8 990
09/01/2025;TN9092FJVKK8;EMP NAT 2024 T4 CB TF;7 440;0 750;13;8 990
09/01/2025;TN0008000580;BTA 6,3% Octobre 2026;2 956;3 000;20;7 990
09/01/2025;TNXJGTXAROH4;BTA 9,90% 26 décembre 2034;2 480;2 499;40;8 400
09/01/2025;TNXJGTXAROH4;BTA 9,90% 26 décembre 2034;1 984;1 999;76;8 400
09/01/2025;TNXJGTXAROH4;BTA 9,90% 26 décembre 2034;1 488;1 500;76;8 400
09/01/2025;TNXJGTXAROH4;BTA 9,90% 26 décembre 2034;1 984;1 999;25;8 300
09/01/2025;TN0008000739;BTA 7,4% Fevrier 2030;936;1 000;6;8 990
09/01/2025;TN0008000739;BTA 7,4% Fevrier 2030;36 349;38 820;21;9 640
09/01/2025;TNXJGTXAROH4;BTA 9,90% 26 décembre 2034;4 465;4 500;91;8 990
09/05/2025;TN0008000655;BTA 6,6% Mars 2027;4 365;4 200;322;8 100
09/05/2025;TN0008000812;BTA 7,5% 13/12/2028;4 145;4 001;32;9 100
09/05/2025;TN0008000812;BTA 7,5% 13/12/2028;6 735;6 501;32;9 100
09/05/2025;TN9092FJVKK8;EMP NAT 2024 T4 CB TF;4 805;0 500;6;8 500
09/05/2025;TN9092FJVKK8;EMP NAT 2024 T4 CB TF;9 610;1 000;31;961 000,000
09/05/2025;TN9092FJVKK8;EMP NAT 2024 T4 CB TF;76 876;8 000;90;8 500
09/05/2025;TN0008000812;BTA 7,5% 13/12/2028;622;0 600;10;9 230
09/05/2025;TNPDPODY2398;EMP NAT 2024 T3 CC TF;50 000;5 000;13;8 600
09/05/2025;TNMCPXLL1EE2;EMP NAT 2023 T4 CB TV;50 000;5 000;14;8 600
09/05/2025;TNPDPODY2398;EMP NAT 2024 T3 CC TF;31 500;3 150;17;8 600
09/05/2025;TNPDPODY2398;EMP NAT 2024 T3 CC TF;11 500;1 150;12;8 600
09/05/2025;TN0008000762;BTA 8% Novembre 2030;240;0 250;20;7 250
09/05/2025;TN9092FJVKK8;EMP NAT 2024 T4 CB TF;9 610;1 000;90;8 500
09/05/2025;TN0008000622;BTA 6,3% Mars 2026;1 100;1 100;300;7 750
09/05/2025;TN9092FJVKK8;EMP NAT 2024 T4 CB TF;961;0 100;83;8 500
09/05/2025;TN9092FJVKK8;EMP NAT 2024 T4 CB TF;9 610;1 000;14;8 500
09/05/2025;TN9092FJVKK8;EMP NAT 2024 T4 CB TF;17 297;1 800;33;8 500
09/05/2025;TN9092FJVKK8;EMP NAT 2024 T4 CB TF;81 680;8 500;17;8 500
09/05/2025;TN0008000762;BTA 8% Novembre 2030;3 640;3 500;10;7 600
09/06/2025;TN9FK1JVMO04;BTCT 52 semaines 04052026;90 000;83 388;32;8 000
09/06/2025;TNMCPXLL1EE2;EMP NAT 2023 T4 CB TV;58 000;5 800;18;8 600
09/06/2025;TNN50G7PX8W5;EMP NAT 2023 T2 CB TV;10 000;1 000;9;8 600
09/06/2025;TN0008000762;BTA 8% Novembre 2030;478;0 500;30;7 750
09/06/2025;TN0008000721;BTA 7,2% Fevrier 2027;977;1 000;179;7 800
09/06/2025;TNPDPODY2398;EMP NAT 2024 T3 CC TF;35 000;3 500;9;7 100
09/06/2025;TNPDPODY2398;EMP NAT 2024 T3 CC TF;30 000;3 000;9;7 100
09/06/2025;TN0HHORW0CG7;BTCT 52 semaines 19052026;2 370;2 370;330;8 020
09/06/2025;TN0008000606;BTA 6,7% Avril 2028;3 175;3 000;10;7 500
09/06/2025;TN0008000622;BTA 6,3% Mars 2026;15 019;15 000;30;8 500
09/06/2025;TNX0K9990B08;EMP NAT 2024 T2 CB TF;9 849;1 000;30;8 500
09/06/2025;TNX0K9990B08;EMP NAT 2024 T2 CB TF;9 849;1 000;21;8 500
09/06/2025;TN0008000622;BTA 6,3% Mars 2026;4 005;4 000;30;8 500
09/06/2025;TN0008000655;BTA 6,6% Mars 2027;361;0 351;30;8 000
09/06/2025;TNX0K9990B08;EMP NAT 2024 T2 CB TF;8 864;0 900;91;8 500
09/06/2025;TNX0K9990B08;EMP NAT 2024 T2 CB TF;41 363;4 200;30;8 500
09/06/2025;TNX0K9990B08;EMP NAT 2024 T2 CB TF;5 909;0 600;7;8 500
09/06/2025;TNX0K9990B08;EMP NAT 2024 T2 CB TF;78 786;8 000;10;8 500
09/06/2025;TNX0K9990B08;EMP NAT 2024 T2 CB TF;4 925;0 500;10;8 500
09/06/2025;TNX0K9990B08;EMP NAT 2024 T2 CB TF;37 424;3 800;29;8 500
09/06/2025;TNX0K9990B08;EMP NAT 2024 T2 CB TF;9 849;1 000;10;8 500
09/06/2025;TNX0K9990B08;EMP NAT 2024 T2 CB TF;19 697;2 000;16;8 500
09/06/2025;TNX0K9990B08;EMP NAT 2024 T2 CB TF;6 894;0 700;14;8 500
09/06/2025;TNX0K9990B08;EMP NAT 2024 T2 CB TF;24 621;2 500;18;8 500
09/06/2025;TN0008000812;BTA 7,5% 13/12/2028;3 450;3 700;10;7 500
09/06/2025;TNX0K9990B08;EMP NAT 2024 T2 CB TF;27 576;2 800;30;8 500
09/07/2025;TN0008000739;BTA 7,4% Fevrier 2030;427;0 440;180;7 850
09/07/2025;TN0008000747;BTA 7,2% Mai 2027;395;0 400;30;7 900
09/07/2025;TNOODT102PF5;BTA 9,87% 22 Octobre 2031;934;1 000;7;8 500
09/07/2025;TNOODT102PF5;BTA 9,87% 22 Octobre 2031;2 802;3 000;21;8 500
09/07/2025;TNOODT102PF5;BTA 9,87% 22 Octobre 2031;5 605;6 000;20;8 500
09/07/2025;TN0008000739;BTA 7,4% Fevrier 2030;8 941;8 499;208;8 400
09/07/2025;TNBII1MJCEF3;EMP NAT 2023 T4 CB TF;93 878;10 000;30;8 500
09/07/2025;TNBII1MJCEF3;EMP NAT 2023 T4 CB TF;35 674;3 800;30;8 500
09/07/2025;TNBII1MJCEF3;EMP NAT 2023 T4 CB TF;11 266;1 200;6;8 500
09/07/2025;TNBII1MJCEF3;EMP NAT 2023 T4 CB TF;28 164;3 000;30;8 500
09/07/2025;TN0008000721;BTA 7,2% Fevrier 2027;10 483;10 500;208;8 400
09/07/2025;TNBII1MJCEF3;EMP NAT 2023 T4 CB TF;9 482;1 010;30;8 500
09/07/2025;TNBII1MJCEF3;EMP NAT 2023 T4 CB TF;39 898;4 250;30;8 500
09/07/2025;TNBII1MJCEF3;EMP NAT 2023 T4 CB TF;18 776;2 000;27;8 500
09/07/2025;TNBII1MJCEF3;EMP NAT 2023 T4 CB TF;3 756;0 400;90;8 500
09/07/2025;TN0008000762;BTA 8% Novembre 2030;2 029;2 001;27;8 500
09/07/2025;TNMCPXLL1EE2;EMP NAT 2023 T4 CB TV;59 000;5 900;15;8 600
09/07/2025;TNRS9CVT3SJ7;EMP NAT 2023 T3 CB TV;9 000;0 900;9;8 600
09/07/2025;TNBII1MJCEF3;EMP NAT 2023 T4 CB TF;3 500;0 350;90;8 250
09/07/2025;TN0008000747;BTA 7,2% Mai 2027;3 065;2 999;6;7 500
09/07/2025;TN0008000747;BTA 7,2% Mai 2027;10 219;10 000;6;7 500
09/07/2025;TN0008000747;BTA 7,2% Mai 2027;15 328;14 999;6;7 500
09/07/2025;TNRS9CVT3SJ7;EMP NAT 2023 T3 CB TV;25 000;2 500;27;8 000
10/01/2025;TN9092FJVKK8;EMP NAT 2024 T4 CB TF;9 917;1 000;31;8 990
10/01/2025;TN9092FJVKK8;EMP NAT 2024 T4 CB TF;14 876;1 500;10;8 990
10/01/2025;TN0008000622;BTA 6,3% Mars 2026;2 601;3 000;45;8 490
10/01/2025;TN0008000622;BTA 6,3% Mars 2026;867;1 000;45;8 490
10/01/2025;TN3C6DVEWM76;EMP NAT 2023 T1 CB TV;10 000;1 000;31;9 000
10/01/2025;TN0008000747;BTA 7,2% Mai 2027;6 682;7 001;60;8 500
10/01/2025;TN0008000580;BTA 6,3% Octobre 2026;1 971;2 001;76;7 990
10/01/2025;TN0008000580;BTA 6,3% Octobre 2026;1 971;2 001;76;7 990
10/01/2025;TN0008000580;BTA 6,3% Octobre 2026;6 403;6 500;76;7 990
10/01/2025;TNQVHB5WZ2K2;EMP NAT 2022 T2 CB TF;2 869;0 300;24;8 990
10/01/2025;TN0008000580;BTA 6,3% Octobre 2026;2 956;3 001;76;7 990
10/01/2025;TN9092FJVKK8;EMP NAT 2024 T4 CB TF;1 984;0 200;20;7 490
10/01/2025;TN9092FJVKK8;EMP NAT 2024 T4 CB TF;4 959;0 500;20;7 490
10/01/2025;TN0008000739;BTA 7,4% Fevrier 2030;1 874;2 000;21;7 500
10/01/2025;TN0008000739;BTA 7,4% Fevrier 2030;1 874;2 000;21;7 500
10/01/2025;TN0008000580;BTA 6,3% Octobre 2026;493;0 500;10;7 990
10/01/2025;TN0008000747;BTA 7,2% Mai 2027;24 538;24 500;60;8 990
10/01/2025;TN0008000812;BTA 7,5% 13/12/2028;1 949;2 000;31;8 250
10/01/2025;TNXJGTXAROH4;BTA 9,90% 26 décembre 2034;495;0 499;74;8 700
10/01/2025;TN0008000721;BTA 7,2% Fevrier 2027;4 472;5 000;20;8 250
10/01/2025;TN0008000721;BTA 7,2% Fevrier 2027;1 342;1 500;10;8 250
10/01/2025;TNXJGTXAROH4;BTA 9,90% 26 décembre 2034;1 487;1 499;74;8 700
10/01/2025;TN0008000721;BTA 7,2% Fevrier 2027;4 472;5 000;19;8 250
10/01/2025;TNXJGTXAROH4;BTA 9,90% 26 décembre 2034;991;0 999;45;8 350
10/01/2025;TN0008000721;BTA 7,2% Fevrier 2027;4 472;5 000;18;8 250
10/01/2025;TN0008000762;BTA 8% Novembre 2030;751;0 700;10;9 240
10/01/2025;TN9092FJVKK8;EMP NAT 2024 T4 CB TF;3 967;0 400;90;8 990
10/01/2025;TN3C6DVEWM76;EMP NAT 2023 T1 CB TV;10 000;1 000;10;9 600
10/01/2025;TNXJGTXAROH4;BTA 9,90% 26 décembre 2034;495;0 499;25;8 300
10/01/2025;TNXJGTXAROH4;BTA 9,90% 26 décembre 2034;495;0 499;40;8 400
10/01/2025;TN0008000580;BTA 6,3% Octobre 2026;395;0 401;10;7 990
10/01/2025;TN9092FJVKK8;EMP NAT 2024 T4 CB TF;25 784;2 600;17;8 990
10/01/2025;TN9092FJVKK8;EMP NAT 2024 T4 CB TF;4 959;0 500;40;8 990
10/01/2025;TN9092FJVKK8;EMP NAT 2024 T4 CB TF;4 463;0 450;13;8 990
10/01/2025;TN9092FJVKK8;EMP NAT 2024 T4 CB TF;79 334;8 000;18;8 990
10/01/2025;TNXJGTXAROH4;BTA 9,90% 26 décembre 2034;5 951;5 999;75;8 750
10/02/2025;TN0008000663;BTA 7,5% Juillet 2032;1 150;1 200;91;9 840
10/02/2025;TNBII1MJCEF3;EMP NAT 2023 T4 CB TF;9 828;1 000;30;8 990
10/02/2025;TNBII1MJCEF3;EMP NAT 2023 T4 CB TF;8 059;0 820;21;8 990
10/02/2025;TNBII1MJCEF3;EMP NAT 2023 T4 CB TF;49 140;5 000;9;8 990
10/02/2025;TNBII1MJCEF3;EMP NAT 2023 T4 CB TF;9 828;1 000;91;9 840
10/02/2025;TN0008000655;BTA 6,6% Mars 2027;1 000;1 002;43;8 500
10/02/2025;TN0008000747;BTA 7,2% Mai 2027;6 957;7 000;59;9 000
10/02/2025;TN0008000747;BTA 7,2% Mai 2027;11 926;12 001;59;9 000
10/02/2025;TN0008000747;BTA 7,2% Mai 2027;6 143;6 500;30;8 890
10/02/2025;TN0008000812;BTA 7,5% 13/12/2028;3 315;3 427;9;7 990
10/02/2025;TN0008000812;BTA 7,5% 13/12/2028;587;0 607;9;7 990
10/02/2025;TNX0K9990B08;EMP NAT 2024 T2 CB TF;45 000;4 500;11;9 100
10/02/2025;TN0008000812;BTA 7,5% 13/12/2028;423;0 437;9;7 990
10/02/2025;TNN50G7PX8W5;EMP NAT 2023 T2 CB TV;30 000;3 000;11;9 100
10/02/2025;TNN50G7PX8W5;EMP NAT 2023 T2 CB TV;7 000;0 700;11;9 100
10/02/2025;TN0008000812;BTA 7,5% 13/12/2028;3 386;3 500;10;8 250
10/02/2025;TNBII1MJCEF3;EMP NAT 2023 T4 CB TF;98 279;10 000;10;8 990
10/02/2025;TNBII1MJCEF3;EMP NAT 2023 T4 CB TF;39 312;4 000;9;8 990
10/02/2025;TNBII1MJCEF3;EMP NAT 2023 T4 CB TF;58 968;6 000;15;8 990
10/02/2025;TNBII1MJCEF3;EMP NAT 2023 T4 CB TF;1 966;0 200;16;8 990
10/02/2025;TNBII1MJCEF3;EMP NAT 2023 T4 CB TF;2 949;0 300;42;8 990
10/02/2025;TNBII1MJCEF3;EMP NAT 2023 T4 CB TF;492;0 050;298;8 990
10/02/2025;TN0008000655;BTA 6,6% Mars 2027;699;0 700;10;9 000
10/02/2025;TN0008000812;BTA 7,5% 13/12/2028;1 741;1 800;30;8 250
10/02/2025;TN0008000705;BTA 6,5% Juin 2025;19 308;20 000;91;9 240
10/02/2025;TN0008000812;BTA 7,5% 13/12/2028;5 382;6 500;298;8 890
10/02/2025;TNGNCCQYSMR1;BTA 9.9% decembre 2033;3 930;3 999;35;8 400
10/02/2025;TN0JN6PVVH38;EMP NAT 2022 T3 CB TV;9 000;0 900;214;9 090
10/03/2025;TNCYAUILJ413;BTA 9,87% 08 Janvier 2032;178;0 181;11;7 990
10/03/2025;TN0008000721;BTA 7,2% Fevrier 2027;994;1 000;337;8 300
10/03/2025;TN0008000606;BTA 6,7% Avril 2028;942;1 000;11;8 990
10/03/2025;TNXJGTXAROH4;BTA 9,90% 26 décembre 2034;58 713;60 000;31;8 450
10/03/2025;TN0008000606;BTA 6,7% Avril 2028;17;0 017;31;8 000
10/03/2025;TNBII1MJCEF3;EMP NAT 2023 T4 CB TF;2 928;0 300;15;8 990
10/03/2025;TN0008000606;BTA 6,7% Avril 2028;85;0 083;31;8 000
10/03/2025;TNN50G7PX8W5;EMP NAT 2023 T2 CB TV;6 500;0 650;11;9 090
10/03/2025;TN0008000606;BTA 6,7% Avril 2028;739;0 726;31;8 000
10/03/2025;TNCYAUILJ413;BTA 9,87% 08 Janvier 2032;168;0 171;11;7 990
10/03/2025;TNFGSJPDAWE9;ENDA TAMWEEL 2023-1 CA TV;20 000;1 600;11;9 090
10/03/2025;TN54R4G06T00;ENDA TAMWEEL 2023-1 CA TF;10 000;0 800;11;9 090
10/03/2025;TNRS9CVT3SJ7;EMP NAT 2023 T3 CB TV;70 000;7 000;91;8 990
10/03/2025;TNN34MAL82X0;MICROCRED 2024-1 TF;1 000;0 100;31;9 640
10/03/2025;TN46TGZRABR7;TAYSIR 2023-1 TV;20 000;1 600;31;9 640
10/03/2025;TN0008000838;EMP NAT T1 2021 CB;15 000;1 500;31;9 640
10/03/2025;TNKF195OZHN9;TAYSIR 2023-1 TF;10 000;0 800;31;9 640
10/03/2025;TN9092FJVKK8;EMP NAT 2024 T4 CB TF;97 720;10 000;10;8 990
10/03/2025;TNUWXR58DVH5;EMP NAT 2024 T1 CB TF;63 000;6 300;14;9 100
10/03/2025;TN2781ZB9E10;EMP NAT 2024 T1 CB TV;12 000;1 200;14;9 100
10/03/2025;TNBII1MJCEF3;EMP NAT 2023 T4 CB TF;19 520;2 000;18;8 990
10/03/2025;TN0008000747;BTA 7,2% Mai 2027;1 974;2 000;18;8 990
10/03/2025;TN0008000812;BTA 7,5% 13/12/2028;531;0 552;14;7 990
10/03/2025;TNBII1MJCEF3;EMP NAT 2023 T4 CB TF;19 520;2 000;10;8 990
10/03/2025;TNBII1MJCEF3;EMP NAT 2023 T4 CB TF;14 640;1 500;10;8 990
10/04/2025;TN0008000721;BTA 7,2% Fevrier 2027;10 286;9 999;90;8 400
10/04/2025;TN0008000721;BTA 7,2% Fevrier 2027;22 630;22 000;90;8 400
10/04/2025;TN0008000721;BTA 7,2% Fevrier 2027;7 714;7 499;90;8 400
10/04/2025;TN0008000721;BTA 7,2% Fevrier 2027;1 645;1 599;91;8 300
10/04/2025;TNFC8O7A98F4;EMP NAT 2024 T3 CB TF;3 801;0 400;22;8 910
10/04/2025;TNFC8O7A98F4;EMP NAT 2024 T3 CB TF;5 702;0 600;32;7 910
10/04/2025;TNFC8O7A98F4;EMP NAT 2024 T3 CB TF;5 702;0 600;32;7 910
10/04/2025;TNFC8O7A98F4;EMP NAT 2024 T3 CB TF;4 751;0 500;22;8 910
10/04/2025;TNFC8O7A98F4;EMP NAT 2024 T3 CB TF;2 851;0 300;22;8 910
10/04/2025;TNFC8O7A98F4;EMP NAT 2024 T3 CB TF;2 851;0 300;11;8 910
10/04/2025;TNLRQIP0OJY4;BTA 9% septembre 2029;11 763;12 001;40;9 000
10/04/2025;TNLRQIP0OJY4;BTA 9% septembre 2029;6 862;7 001;40;9 000
10/04/2025;TNVE955M6R90;EMP NAT 2023 T3 CB TF;11 500;1 212;112;8 490
10/04/2025;TNKF195OZHN9;TAYSIR 2023-1 TF;10 000;0 800;183;9 150
10/04/2025;TN46TGZRABR7;TAYSIR 2023-1 TV;20 000;1 600;183;9 150
10/04/2025;TNFC8O7A98F4;EMP NAT 2024 T3 CB TF;5 702;0 600;6;8 910
10/04/2025;TN0008000812;BTA 7,5% 13/12/2028;6 559;6 250;5;7 550
10/04/2025;TNPDPODY2398;EMP NAT 2024 T3 CC TF;8 700;0 870;40;8 490
10/04/2025;TNPDPODY2398;EMP NAT 2024 T3 CC TF;6 450;0 645;20;8 290
10/04/2025;TNPDPODY2398;EMP NAT 2024 T3 CC TF;67 000;6 700;13;8 990
10/04/2025;TN0008000812;BTA 7,5% 13/12/2028;287;0 300;40;8 250
10/04/2025;TNGNCCQYSMR1;BTA 9.9% decembre 2033;4 844;4 999;90;8 500
10/04/2025;TNFC8O7A98F4;EMP NAT 2024 T3 CB TF;9 502;1 000;26;8 910
10/04/2025;TNFC8O7A98F4;EMP NAT 2024 T3 CB TF;3 801;0 400;90;8 910
10/04/2025;TNFC8O7A98F4;EMP NAT 2024 T3 CB TF;9 502;1 000;8;8 910
10/04/2025;TNHUVZNLATV4;BTA 8% 31 Janvier 2029;89;0 085;32;7 500
10/04/2025;TNHUVZNLATV4;BTA 8% 31 Janvier 2029;773;0 740;32;7 500
10/04/2025;TNHUVZNLATV4;BTA 8% 31 Janvier 2029;17;0 016;32;7 500
10/06/2025;TN0008000747;BTA 7,2% Mai 2027;7 205;6 999;90;8 200
10/06/2025;TNX0K9990B08;EMP NAT 2024 T2 CB TF;88 672;9 000;20;8 500
10/06/2025;TNX0K9990B08;EMP NAT 2024 T2 CB TF;29 558;3 000;20;8 500
10/06/2025;TNRS9CVT3SJ7;EMP NAT 2023 T3 CB TV;58 000;5 800;20;8 600
10/06/2025;TNBII1MJCEF3;EMP NAT 2023 T4 CB TF;10 000;1 000;9;8 600
10/06/2025;TN0008000747;BTA 7,2% Mai 2027;3 088;3 000;30;7 500
10/06/2025;TNX0K9990B08;EMP NAT 2024 T2 CB TF;88 672;9 000;30;8 500
10/06/2025;TNX0K9990B08;EMP NAT 2024 T2 CB TF;9 853;1 000;17;8 500
10/06/2025;TNMUZFAMCT05;BTCT 52 semaines 14102025;411;0 400;90;7 700
10/06/2025;TNMUZFAMCT05;BTCT 52 semaines 14102025;513;0 499;94;7 700
10/06/2025;TNX0K9990B08;EMP NAT 2024 T2 CB TF;10 838;1 100;20;8 500
10/06/2025;TN0008000747;BTA 7,2% Mai 2027;308;0 299;90;8 020
10/06/2025;TN0008000747;BTA 7,2% Mai 2027;5 352;5 199;90;8 020
10/06/2025;TN0008000747;BTA 7,2% Mai 2027;308;0 299;90;8 020
10/06/2025;TNX0K9990B08;EMP NAT 2024 T2 CB TF;14 779;1 500;30;7 000
10/06/2025;TNX0K9990B08;EMP NAT 2024 T2 CB TF;4 927;0 500;30;8 500
10/06/2025;TNX0K9990B08;EMP NAT 2024 T2 CB TF;19 705;2 000;178;8 500
10/06/2025;TNX0K9990B08;EMP NAT 2024 T2 CB TF;2 956;0 300;7;7 000
10/06/2025;TN0008000812;BTA 7,5% 13/12/2028;1 772;1 900;10;7 500
10/06/2025;TN0008000812;BTA 7,5% 13/12/2028;4 010;4 300;10;7 500
10/06/2025;TN0008000812;BTA 7,5% 13/12/2028;187;0 200;10;7 500
10/06/2025;TN0008000812;BTA 7,5% 13/12/2028;9 200;9 000;30;9 100
10/06/2025;TN0008000812;BTA 7,5% 13/12/2028;588;0 630;10;7 500
10/06/2025;TN0008000812;BTA 7,5% 13/12/2028;533;0 571;10;7 500
10/06/2025;TN0008000812;BTA 7,5% 13/12/2028;581;0 623;10;7 500
10/06/2025;TN0008000812;BTA 7,5% 13/12/2028;3 250;3 485;10;7 500
10/06/2025;TN0008000812;BTA 7,5% 13/12/2028;4 089;4 000;30;9 100
10/06/2025;TN0008000812;BTA 7,5% 13/12/2028;3 264;3 500;10;7 500
10/07/2025;TNI5BPOGW9F1;BTA 9,89% 13 Juin 2033;24 444;24 999;207;8 400
10/07/2025;TN0008000812;BTA 7,5% 13/12/2028;9 129;9 001;32;9 000
10/07/2025;TN0008000812;BTA 7,5% 13/12/2028;4 058;4 001;32;9 000
10/07/2025;TN0008000812;BTA 7,5% 13/12/2028;894;0 965;11;7 500
10/07/2025;TNBII1MJCEF3;EMP NAT 2023 T4 CB TF;6 569;0 700;7;8 500
10/07/2025;TNBII1MJCEF3;EMP NAT 2023 T4 CB TF;75 069;8 000;19;8 500
10/07/2025;TNBII1MJCEF3;EMP NAT 2023 T4 CB TF;28 151;3 000;11;8 500
10/07/2025;TNBII1MJCEF3;EMP NAT 2023 T4 CB TF;9 384;1 000;11;8 500
10/07/2025;TN0008000622;BTA 6,3% Mars 2026;362;0 370;19;7 250
10/07/2025;TNRS9CVT3SJ7;EMP NAT 2023 T3 CB TV;11 000;1 100;8;8 600
10/07/2025;TNRS9CVT3SJ7;EMP NAT 2023 T3 CB TV;30 000;3 000;18;8 600
10/07/2025;TNBII1MJCEF3;EMP NAT 2023 T4 CB TF;14 076;1 500;50;7 000
10/07/2025;TNI5BPOGW9F1;BTA 9,89% 13 Juin 2033;1 564;1 600;90;8 000
10/07/2025;TNN50G7PX8W5;EMP NAT 2023 T2 CB TV;55 000;5 500;270;8 400
10/07/2025;TNBII1MJCEF3;EMP NAT 2023 T4 CB TF;28 151;3 000;11;8 500
10/07/2025;TNI5BPOGW9F1;BTA 9,89% 13 Juin 2033;2 933;3 000;7;7 500
10/07/2025;TNI5BPOGW9F1;BTA 9,89% 13 Juin 2033;12 606;12 700;337;8 540
10/07/2025;TNI5BPOGW9F1;BTA 9,89% 13 Juin 2033;2 640;2 660;337;8 540
10/07/2025;TNI5BPOGW9F1;BTA 9,89% 13 Juin 2033;4 367;4 400;337;8 540
10/07/2025;TNI5BPOGW9F1;BTA 9,89% 13 Juin 2033;1 439;1 450;337;8 540
10/07/2025;TNMCPXLL1EE2;EMP NAT 2023 T4 CB TV;6 700;0 700;120;8 100
10/07/2025;TNI5BPOGW9F1;BTA 9,89% 13 Juin 2033;2 481;2 500;337;8 540
11/02/2025;TNBII1MJCEF3;EMP NAT 2023 T4 CB TF;9 820;1 000;9;8 990
11/02/2025;TNBII1MJCEF3;EMP NAT 2023 T4 CB TF;14 730;1 500;10;8 990
11/02/2025;TN0008000655;BTA 6,6% Mars 2027;998;1 001;15;8 990
11/02/2025;TN0008000655;BTA 6,6% Mars 2027;998;1 001;15;8 990
11/02/2025;TNBII1MJCEF3;EMP NAT 2023 T4 CB TF;9 820;1 000;15;8 990
11/02/2025;TN0008000747;BTA 7,2% Mai 2027;1 422;1 500;30;8 890
11/02/2025;TN0008000663;BTA 7,5% Juillet 2032;479;0 500;90;8 100
11/02/2025;TN0008000622;BTA 6,3% Mars 2026;472;0 500;6;8 990
11/02/2025;TN0008000622;BTA 6,3% Mars 2026;377;0 400;9;8 990
11/02/2025;TNN50G7PX8W5;EMP NAT 2023 T2 CB TV;50 000;5 000;13;9 100
11/02/2025;TNBII1MJCEF3;EMP NAT 2023 T4 CB TF;3 928;0 400;17;8 990
11/02/2025;TNBII1MJCEF3;EMP NAT 2023 T4 CB TF;73 647;7 500;15;8 990
11/02/2025;TNBII1MJCEF3;EMP NAT 2023 T4 CB TF;3 928;0 400;20;8 990
11/02/2025;TN0008000655;BTA 6,6% Mars 2027;998;1 001;15;8 990
11/02/2025;TNBII1MJCEF3;EMP NAT 2023 T4 CB TF;10 000;1 000;13;9 100
11/03/2025;TN0008000788;BTA 7% JANVIER 2031;1 500;1 500;31;8 250
11/03/2025;TN0008000747;BTA 7,2% Mai 2027;7 549;8 000;13;8 990
11/03/2025;TN0008000762;BTA 8% Novembre 2030;26 271;24 859;15;8 900
11/03/2025;TN0008000705;BTA 6,5% Juin 2025;3 833;4 000;17;9 000
11/03/2025;TN0008000705;BTA 6,5% Juin 2025;10 541;11 001;10;9 000
11/03/2025;TN0008000705;BTA 6,5% Juin 2025;1 438;1 501;30;8 990
11/03/2025;TN0008000747;BTA 7,2% Mai 2027;798;0 801;30;9 000
11/03/2025;TNBII1MJCEF3;EMP NAT 2023 T4 CB TF;4 879;0 500;7;8 990
11/03/2025;TNBII1MJCEF3;EMP NAT 2023 T4 CB TF;39 032;4 000;106;9 840
11/03/2025;TNBII1MJCEF3;EMP NAT 2023 T4 CB TF;29 274;3 000;90;8 990
11/03/2025;TNBII1MJCEF3;EMP NAT 2023 T4 CB TF;9 758;1 000;10;8 990
11/03/2025;TNBII1MJCEF3;EMP NAT 2023 T4 CB TF;48 790;5 000;23;8 990
11/03/2025;TN0008000812;BTA 7,5% 13/12/2028;529;0 550;13;8 250
11/03/2025;TNXJGTXAROH4;BTA 9,90% 26 décembre 2034;29 357;30 000;16;7 990
11/03/2025;TNBII1MJCEF3;EMP NAT 2023 T4 CB TF;29 274;3 000;10;8 990
11/03/2025;TN0008000812;BTA 7,5% 13/12/2028;211;0 250;13;8 250
11/03/2025;TNBII1MJCEF3;EMP NAT 2023 T4 CB TF;9 758;1 000;15;8 990
11/03/2025;TN2781ZB9E10;EMP NAT 2024 T1 CB TV;56 500;5 650;14;9 100
11/03/2025;TN2781ZB9E10;EMP NAT 2024 T1 CB TV;12 000;1 200;14;9 100
11/03/2025;TN0008000812;BTA 7,5% 13/12/2028;269;0 280;13;8 250
11/03/2025;TN0008000812;BTA 7,5% 13/12/2028;1 441;1 500;13;8 250
11/03/2025;TNN50G7PX8W5;EMP NAT 2023 T2 CB TV;7 000;0 700;13;9 100
11/03/2025;TN0008000812;BTA 7,5% 13/12/2028;3 363;3 500;13;8 250
11/03/2025;TNUWXR58DVH5;EMP NAT 2024 T1 CB TF;3 000;0 300;339;9 090
11/03/2025;TN0008000606;BTA 6,7% Avril 2028;4 242;4 500;10;7 700
11/03/2025;TNBII1MJCEF3;EMP NAT 2023 T4 CB TF;2 928;0 300;6;7 490
11/03/2025;TNBII1MJCEF3;EMP NAT 2023 T4 CB TF;4 879;0 500;30;8 990
11/04/2025;TN0008000721;BTA 7,2% Fevrier 2027;2 274;2 300;304;8 910
11/04/2025;TNCYAUILJ413;BTA 9,87% 08 Janvier 2032;7 512;7 701;269;8 910
11/04/2025;TNCYAUILJ413;BTA 9,87% 08 Janvier 2032;8 390;8 601;269;8 910
11/04/2025;TNCR2TMAK1K8;EMP NAT 2023 T2 CB TF;13 793;1 500;7;7 500
11/04/2025;TN0008000622;BTA 6,3% Mars 2026;6 560;6 597;31;8 810
11/04/2025;TN0008000663;BTA 7,5% Juillet 2032;1 441;1 522;31;8 810
11/04/2025;TN0008000747;BTA 7,2% Mai 2027;3 190;3 400;26;8 910
11/04/2025;TN0008000812;BTA 7,5% 13/12/2028;3 288;3 441;10;7 910
11/04/2025;TN0008000812;BTA 7,5% 13/12/2028;588;0 615;10;7 910
11/04/2025;TN0008000812;BTA 7,5% 13/12/2028;539;0 563;10;7 910
11/04/2025;TN0008000812;BTA 7,5% 13/12/2028;1 434;1 500;60;8 250
11/04/2025;TN0008000770;BTA 7,3% Decembre 2027;2 040;1 976;238;8 910
11/04/2025;TN0008000770;BTA 7,3% Decembre 2027;3 900;3 777;238;8 910
11/04/2025;TN0008000762;BTA 8% Novembre 2030;427;0 407;217;8 910
11/04/2025;TN0008000812;BTA 7,5% 13/12/2028;13 500;12 878;244;8 910
11/04/2025;TNGCLJS7FYQ7;EMP NAT 2024 T4 CC TF;16 000;1 600;182;9 150
11/04/2025;TN0008000796;BTA 7,5% Janvier 2028;1 000;0 961;286;8 910
11/04/2025;TN0008000812;BTA 7,5% 13/12/2028;4 194;4 001;28;9 100
11/04/2025;TN0008000812;BTA 7,5% 13/12/2028;6 814;6 500;28;9 100
11/04/2025;TNFC8O7A98F4;EMP NAT 2024 T3 CB TF;1 900;0 200;27;8 910
11/04/2025;TNFC8O7A98F4;EMP NAT 2024 T3 CB TF;5 928;0 624;21;8 410
11/04/2025;TNFC8O7A98F4;EMP NAT 2024 T3 CB TF;14 248;1 500;7;8 910
11/04/2025;TNFC8O7A98F4;EMP NAT 2024 T3 CB TF;13 299;1 400;10;8 910
11/04/2025;TNX0K9990B08;EMP NAT 2024 T2 CB TF;2 000;0 200;32;8 250
11/04/2025;TNX0K9990B08;EMP NAT 2024 T2 CB TF;4 000;0 400;32;8 250
11/04/2025;TNN50G7PX8W5;EMP NAT 2023 T2 CB TV;8 000;0 800;12;8 990
11/04/2025;TNN50G7PX8W5;EMP NAT 2023 T2 CB TV;8 000;0 800;13;8 990
11/04/2025;TNN50G7PX8W5;EMP NAT 2023 T2 CB TV;10 000;1 000;31;9 530
11/04/2025;TNN50G7PX8W5;EMP NAT 2023 T2 CB TV;58 000;5 800;13;8 990
11/04/2025;TNFC8O7A98F4;EMP NAT 2024 T3 CB TF;2 375;0 250;10;7 410
11/04/2025;TN0008000663;BTA 7,5% Juillet 2032;378;0 400;31;7 500
11/04/2025;TN0008000812;BTA 7,5% 13/12/2028;13 500;12 878;244;8 910
11/04/2025;TN0008000812;BTA 7,5% 13/12/2028;13 500;12 878;244;8 910
11/06/2025;TNUWXR58DVH5;EMP NAT 2024 T1 CB TF;64 000;6 400;19;8 600
11/06/2025;TNRS9CVT3SJ7;EMP NAT 2023 T3 CB TV;13 500;1 350;9;8 600
11/06/2025;TNX0K9990B08;EMP NAT 2024 T2 CB TF;1 024 682;104 000;180;9 950
11/06/2025;TNX0K9990B08;EMP NAT 2024 T2 CB TF;14 780;1 500;12;8 500
11/06/2025;TNX0K9990B08;EMP NAT 2024 T2 CB TF;19 706;2 000;12;8 500
11/06/2025;TN0008000812;BTA 7,5% 13/12/2028;818;0 800;19;8 500
11/06/2025;TNX0K9990B08;EMP NAT 2024 T2 CB TF;9 853;1 000;142;8 500
11/06/2025;TNX0K9990B08;EMP NAT 2024 T2 CB TF;29 559;3 000;79;8 500
11/06/2025;TNX0K9990B08;EMP NAT 2024 T2 CB TF;98 528;10 000;12;8 500
11/06/2025;TNX0K9990B08;EMP NAT 2024 T2 CB TF;39 411;4 000;90;7 800
11/06/2025;TNX0K9990B08;EMP NAT 2024 T2 CB TF;123 159;12 500;195;7 800
11/06/2025;TNX0K9990B08;EMP NAT 2024 T2 CB TF;49 264;5 000;90;7 800
11/06/2025;TNX0K9990B08;EMP NAT 2024 T2 CB TF;7 883;0 800;19;8 500
11/06/2025;TN0008000663;BTA 7,5% Juillet 2032;2 808;3 000;8;8 500
11/06/2025;TNX0K9990B08;EMP NAT 2024 T2 CB TF;22 662;2 300;6;8 500
11/06/2025;TNX0K9990B08;EMP NAT 2024 T2 CB TF;22 662;2 300;5;8 500
11/06/2025;TNX0K9990B08;EMP NAT 2024 T2 CB TF;68 969;7 000;33;8 500
11/06/2025;TNX0K9990B08;EMP NAT 2024 T2 CB TF;6 897;0 700;33;8 500
11/06/2025;TN0008000663;BTA 7,5% Juillet 2032;1 685;1 800;7;8 500
11/07/2025;TNMUZFAMCT05;BTCT 52 semaines 14102025;1 530;1 499;19;7 400
11/07/2025;TN0008000622;BTA 6,3% Mars 2026;14 896;15 000;31;7 600
11/07/2025;TN0008000747;BTA 7,2% Mai 2027;38 805;37 999;75;8 400
11/07/2025;TN0008000747;BTA 7,2% Mai 2027;10 212;10 000;75;8 400
11/07/2025;TN0008000747;BTA 7,2% Mai 2027;2 246;2 199;75;8 400
11/07/2025;TNNC6SZ1UFM6;BTA 9,37% 22 juin 2029;4 876;4 900;336;8 540
11/07/2025;TNNC6SZ1UFM6;BTA 9,37% 22 juin 2029;6 967;7 000;336;8 530
11/07/2025;TNMCPXLL1EE2;EMP NAT 2023 T4 CB TV;14 500;1 450;10;8 600
11/07/2025;TNRS9CVT3SJ7;EMP NAT 2023 T3 CB TV;67 500;6 750;17;8 600
11/07/2025;TNHUVZNLATV4;BTA 8% 31 Janvier 2029;11 500;11 397;90;7 500
11/07/2025;TNBII1MJCEF3;EMP NAT 2023 T4 CB TF;46 898;5 000;10;8 500
11/07/2025;TNBII1MJCEF3;EMP NAT 2023 T4 CB TF;18 759;2 000;10;8 500
11/07/2025;TNBII1MJCEF3;EMP NAT 2023 T4 CB TF;23 449;2 500;7;8 500
11/07/2025;TNBII1MJCEF3;EMP NAT 2023 T4 CB TF;21 573;2 300;11;8 500
11/07/2025;TNBII1MJCEF3;EMP NAT 2023 T4 CB TF;18 759;2 000;11;8 500
11/07/2025;TNUWXR58DVH5;EMP NAT 2024 T1 CB TF;40 000;4 000;203;8 250
11/07/2025;TNI5BPOGW9F1;BTA 9,89% 13 Juin 2033;5 371;5 500;265;8 000
12/02/2025;TN0008000721;BTA 7,2% Fevrier 2027;18 000;18 000;365;9 270
12/02/2025;TN0008000721;BTA 7,2% Fevrier 2027;18 000;18 000;358;9 270
12/02/2025;TN0008000762;BTA 8% Novembre 2030;15 900;15 000;90;9 240
12/02/2025;TNBII1MJCEF3;EMP NAT 2023 T4 CB TF;9 817;1 000;22;8 990
12/02/2025;TNBII1MJCEF3;EMP NAT 2023 T4 CB TF;9 817;1 000;8;8 990
12/02/2025;TNBII1MJCEF3;EMP NAT 2023 T4 CB TF;9 817;1 000;15;8 990
12/02/2025;TN0008000796;BTA 7,5% Janvier 2028;735;0 700;33;8 740
12/02/2025;TNGNCCQYSMR1;BTA 9.9% decembre 2033;2 453;2 499;61;9 120
12/02/2025;TNBII1MJCEF3;EMP NAT 2023 T4 CB TF;10 000;1 000;13;9 100
12/02/2025;TN0008000796;BTA 7,5% Janvier 2028;10 500;10 000;33;8 740
12/02/2025;TN0008000796;BTA 7,5% Janvier 2028;5 250;5 000;33;8 740
12/02/2025;TN0008000796;BTA 7,5% Janvier 2028;126;0 120;33;8 740
12/02/2025;TN0008000796;BTA 7,5% Janvier 2028;1 365;1 300;33;8 740
12/02/2025;TN0008000796;BTA 7,5% Janvier 2028;229;0 218;33;8 740
12/02/2025;TN0008000838;EMP NAT T1 2021 CB;10 000;1 000;13;9 100
12/02/2025;TN0008000721;BTA 7,2% Fevrier 2027;4 000;4 000;13;9 100
12/02/2025;TN0008000655;BTA 6,6% Mars 2027;997;1 000;15;8 990
12/02/2025;TN0008000622;BTA 6,3% Mars 2026;35 151;36 200;14;8 990
12/02/2025;TN0008000812;BTA 7,5% 13/12/2028;530;0 499;89;8 990
12/02/2025;TN9092FJVKK8;EMP NAT 2024 T4 CB TF;78 636;8 000;15;8 990
12/02/2025;TN9092FJVKK8;EMP NAT 2024 T4 CB TF;49 147;5 000;12;8 990
12/03/2025;TNBII1MJCEF3;EMP NAT 2023 T4 CB TF;7 000;0 718;110;9 090
12/03/2025;TNBII1MJCEF3;EMP NAT 2023 T4 CB TF;19 511;2 000;90;8 990
12/03/2025;TNXJGTXAROH4;BTA 9,90% 26 décembre 2034;35 337;36 120;5;8 100
12/03/2025;TN0008000705;BTA 6,5% Juin 2025;959;1 000;30;8 990
12/03/2025;TN0008000747;BTA 7,2% Mai 2027;18 736;19 000;12;8 490
12/03/2025;TN0008000747;BTA 7,2% Mai 2027;11 833;11 999;12;8 490
12/03/2025;TN0008000747;BTA 7,2% Mai 2027;2 169;2 200;12;8 490
12/03/2025;TNBII1MJCEF3;EMP NAT 2023 T4 CB TF;29 267;3 000;12;8 990
12/03/2025;TNN50G7PX8W5;EMP NAT 2023 T2 CB TV;62 500;6 250;14;9 100
12/03/2025;TNN50G7PX8W5;EMP NAT 2023 T2 CB TV;8 700;0 870;14;9 100
12/03/2025;TNBII1MJCEF3;EMP NAT 2023 T4 CB TF;34 145;3 500;15;8 990
12/03/2025;TN0008000747;BTA 7,2% Mai 2027;6 178;6 548;30;8 890
12/03/2025;TN0008000721;BTA 7,2% Fevrier 2027;622;0 600;12;9 230
12/03/2025;TN3C6DVEWM76;EMP NAT 2023 T1 CB TV;10 000;1 000;294;9 190
12/03/2025;TN0008000812;BTA 7,5% 13/12/2028;1 633;1 700;30;8 250
12/05/2025;TNPDPODY2398;EMP NAT 2024 T3 CC TF;10 500;1 050;10;8 600
12/05/2025;TNMCPXLL1EE2;EMP NAT 2023 T4 CB TV;88 500;8 850;15;8 600
12/05/2025;TN0008000606;BTA 6,7% Avril 2028;1 492;1 500;333;8 000
12/05/2025;TN0008000622;BTA 6,3% Mars 2026;20 180;20 000;91;8 500
12/05/2025;TNUWXR58DVH5;EMP NAT 2024 T1 CB TF;12 000;1 200;260;8 250
12/05/2025;TN2781ZB9E10;EMP NAT 2024 T1 CB TV;10 000;1 000;260;8 250
12/05/2025;TN0008000812;BTA 7,5% 13/12/2028;614;0 650;10;7 500
12/05/2025;TNHUVZNLATV4;BTA 8% 31 Janvier 2029;738;0 716;17;7 500
12/05/2025;TNBII1MJCEF3;EMP NAT 2023 T4 CB TF;76 640;8 000;7;8 500
12/05/2025;TNHUVZNLATV4;BTA 8% 31 Janvier 2029;87;0 084;17;7 500
12/05/2025;TNHUVZNLATV4;BTA 8% 31 Janvier 2029;19;0 018;17;7 500
12/05/2025;TN0008000606;BTA 6,7% Avril 2028;6 615;6 650;333;8 000
12/05/2025;TN0008000606;BTA 6,7% Avril 2028;1 492;1 500;21;8 500
12/05/2025;TN0008000721;BTA 7,2% Fevrier 2027;1 964;2 000;179;8 100
12/05/2025;TNBII1MJCEF3;EMP NAT 2023 T4 CB TF;15 328;1 600;10;8 500
12/05/2025;TNBII1MJCEF3;EMP NAT 2023 T4 CB TF;23 950;2 500;30;8 500
12/05/2025;TN0008000770;BTA 7,3% Decembre 2027;485;0 500;92;7 800
12/05/2025;TNBII1MJCEF3;EMP NAT 2023 T4 CB TF;17 244;1 800;7;8 500
12/05/2025;TNBII1MJCEF3;EMP NAT 2023 T4 CB TF;9 580;1 000;49;8 500
12/05/2025;TNBII1MJCEF3;EMP NAT 2023 T4 CB TF;70 700;7 380;4;9 950
12/05/2025;TNBII1MJCEF3;EMP NAT 2023 T4 CB TF;12 454;1 300;7;8 500
12/06/2025;TNRS9CVT3SJ7;EMP NAT 2023 T3 CB TV;16 500;1 650;29;7 750
12/06/2025;TN0008000663;BTA 7,5% Juillet 2032;327;0 350;18;7 250
12/06/2025;TN0008000580;BTA 6,3% Octobre 2026;2 401;2 501;60;7 500
12/06/2025;TNRS9CVT3SJ7;EMP NAT 2023 T3 CB TV;30 000;3 000;18;8 600
12/06/2025;TNX0K9990B08;EMP NAT 2024 T2 CB TF;34 000;3 400;18;8 600
12/06/2025;TN0008000812;BTA 7,5% 13/12/2028;614;0 600;11;8 230
12/06/2025;TNMCPXLL1EE2;EMP NAT 2023 T4 CB TV;14 000;1 400;11;8 600
12/06/2025;TN0008000762;BTA 8% Novembre 2030;11 249;11 001;18;8 500
12/06/2025;TN0008000762;BTA 8% Novembre 2030;4 806;4 700;18;8 500
12/06/2025;TNX0K9990B08;EMP NAT 2024 T2 CB TF;46 291;4 700;18;8 500
12/06/2025;TNX0K9990B08;EMP NAT 2024 T2 CB TF;16 744;1 700;33;8 500
12/06/2025;TNX0K9990B08;EMP NAT 2024 T2 CB TF;108 341;11 000;18;8 500
12/06/2025;TN0008000747;BTA 7,2% Mai 2027;514;0 500;90;8 020
12/06/2025;TNX0K9990B08;EMP NAT 2024 T2 CB TF;14 774;1 500;33;8 500
12/06/2025;TN0008000747;BTA 7,2% Mai 2027;2 674;2 599;90;8 020
13/01/2025;TNXJGTXAROH4;BTA 9,90% 26 décembre 2034;495;0 499;50;8 400
13/01/2025;TNXJGTXAROH4;BTA 9,90% 26 décembre 2034;991;0 999;59;8 400
13/01/2025;TN0008000838;EMP NAT T1 2021 CB;16 500;1 650;10;9 090
13/01/2025;TNMCPXLL1EE2;EMP NAT 2023 T4 CB TV;5 000;0 500;326;9 400
13/01/2025;TNBII1MJCEF3;EMP NAT 2023 T4 CB TF;49 491;5 000;10;8 990
13/01/2025;TN0008000812;BTA 7,5% 13/12/2028;2 140;2 000;332;9 640
13/01/2025;TN0008000622;BTA 6,3% Mars 2026;35 236;36 000;30;8 840
13/01/2025;TNUWXR58DVH5;EMP NAT 2024 T1 CB TF;5 000;0 500;14;9 600
13/01/2025;TNBII1MJCEF3;EMP NAT 2023 T4 CB TF;108 879;11 000;10;8 990
13/01/2025;TNBII1MJCEF3;EMP NAT 2023 T4 CB TF;4 950;0 500;10;8 990
13/01/2025;TNBII1MJCEF3;EMP NAT 2023 T4 CB TF;14 848;1 500;10;8 990
13/01/2025;TNBII1MJCEF3;EMP NAT 2023 T4 CB TF;4 950;0 500;10;8 990
13/01/2025;TNBII1MJCEF3;EMP NAT 2023 T4 CB TF;2 970;0 300;15;8 990
13/01/2025;TNBII1MJCEF3;EMP NAT 2023 T4 CB TF;98 981;10 000;30;8 990
13/01/2025;TNXJGTXAROH4;BTA 9,90% 26 décembre 2034;25 487;25 699;7;8 150
13/01/2025;TN0008000721;BTA 7,2% Fevrier 2027;4 469;5 000;9;8 250
13/01/2025;TN0008000721;BTA 7,2% Fevrier 2027;5 363;6 000;16;8 250
13/01/2025;TN0008000721;BTA 7,2% Fevrier 2027;3 129;3 500;18;8 250
13/01/2025;TN0008000721;BTA 7,2% Fevrier 2027;6 257;7 000;10;8 250
13/01/2025;TN0008000721;BTA 7,2% Fevrier 2027;2 682;3 000;10;8 250
13/01/2025;TN0008000721;BTA 7,2% Fevrier 2027;4 469;5 000;10;8 250
13/01/2025;TN0008000721;BTA 7,2% Fevrier 2027;447;0 500;10;8 250
13/01/2025;TNBII1MJCEF3;EMP NAT 2023 T4 CB TF;49 491;5 000;16;8 990
13/01/2025;TN0008000655;BTA 6,6% Mars 2027;5 027;5 001;16;8 990
13/01/2025;TNBII1MJCEF3;EMP NAT 2023 T4 CB TF;69 287;7 000;16;8 990
13/01/2025;TNBII1MJCEF3;EMP NAT 2023 T4 CB TF;4 950;0 500;22;8 990
13/01/2025;TNBII1MJCEF3;EMP NAT 2023 T4 CB TF;4 950;0 500;22;8 990
13/01/2025;TN0008000622;BTA 6,3% Mars 2026;9 494;10 000;35;8 990
13/01/2025;TNBII1MJCEF3;EMP NAT 2023 T4 CB TF;9 899;1 000;8;8 990
13/02/2025;TNCR2TMAK1K8;EMP NAT 2023 T2 CB TF;23 783;2 550;7;8 000
13/02/2025;TN0008000812;BTA 7,5% 13/12/2028;500;0 500;12;8 300
13/02/2025;TN0008000838;EMP NAT T1 2021 CB;15 000;1 500;12;8 300
13/02/2025;TN0008000762;BTA 8% Novembre 2030;4 121;4 000;40;8 490
13/02/2025;TN0008000796;BTA 7,5% Janvier 2028;5 215;5 000;33;8 740
13/02/2025;TN9092FJVKK8;EMP NAT 2024 T4 CB TF;14 742;1 500;11;8 990
13/02/2025;TN0008000747;BTA 7,2% Mai 2027;57 206;57 649;40;9 020
13/02/2025;TN9092FJVKK8;EMP NAT 2024 T4 CB TF;6 880;0 700;32;8 990
13/02/2025;TN9092FJVKK8;EMP NAT 2024 T4 CB TF;73 709;7 500;15;8 990
13/02/2025;TN9092FJVKK8;EMP NAT 2024 T4 CB TF;31 449;3 200;20;8 990
13/03/2025;TNXJGTXAROH4;BTA 9,90% 26 décembre 2034;4 891;4 999;202;8 860
13/03/2025;TN0008000747;BTA 7,2% Mai 2027;1 425;1 511;29;8 890
13/03/2025;TN0008000606;BTA 6,7% Avril 2028;471;0 500;29;7 990
13/03/2025;TNXJGTXAROH4;BTA 9,90% 26 décembre 2034;24 458;25 000;202;8 860
13/03/2025;TNPDPODY2398;EMP NAT 2024 T3 CC TF;16 200;1 620;90;8 750
13/03/2025;TNBII1MJCEF3;EMP NAT 2023 T4 CB TF;8 972;0 920;20;7 490
13/03/2025;TNFC8O7A98F4;EMP NAT 2024 T3 CB TF;28 429;2 975;60;8 990
13/03/2025;TNGNCCQYSMR1;BTA 9.9% decembre 2033;117 088;120 000;39;8 500
13/03/2025;TNUWXR58DVH5;EMP NAT 2024 T1 CB TF;59 600;5 960;14;9 100
13/03/2025;TNN50G7PX8W5;EMP NAT 2023 T2 CB TV;10 500;1 050;14;9 100
13/03/2025;TNBII1MJCEF3;EMP NAT 2023 T4 CB TF;1 951;0 200;82;8 990
13/03/2025;TNFC8O7A98F4;EMP NAT 2024 T3 CB TF;52 557;5 500;15;8 990
13/05/2025;TN0008000721;BTA 7,2% Fevrier 2027;15 140;15 000;90;8 750
13/05/2025;TN0008000747;BTA 7,2% Mai 2027;7 400;7 400;363;8 010
13/05/2025;TNVFSFLG1FH4;EMP NAT 2022 T4 CC TV;8 500;0 850;10;8 600
13/05/2025;TNBII1MJCEF3;EMP NAT 2023 T4 CB TF;84 000;8 400;15;8 600
13/05/2025;TN0008000606;BTA 6,7% Avril 2028;5 470;5 500;332;8 000
13/05/2025;TNMCPXLL1EE2;EMP NAT 2023 T4 CB TV;2 000;0 200;42;8 250
13/05/2025;TNMCPXLL1EE2;EMP NAT 2023 T4 CB TV;4 400;0 440;42;8 250
13/05/2025;TN0008000606;BTA 6,7% Avril 2028;994;1 000;7;8 500
13/06/2025;TN0008000663;BTA 7,5% Juillet 2032;935;1 000;5;8 500
13/06/2025;TN0008000747;BTA 7,2% Mai 2027;3 139;3 159;12;7 250
13/06/2025;TNN50G7PX8W5;EMP NAT 2023 T2 CB TV;12 000;1 200;11;8 600
13/06/2025;TNMCPXLL1EE2;EMP NAT 2023 T4 CB TV;88 000;8 800;18;8 600
13/06/2025;TNX0K9990B08;EMP NAT 2024 T2 CB TF;14 763;1 500;10;8 500
13/06/2025;TNX0K9990B08;EMP NAT 2024 T2 CB TF;49 209;5 000;12;8 500
13/06/2025;TNX0K9990B08;EMP NAT 2024 T2 CB TF;101 901;10 354;10;8 500
13/06/2025;TNX0K9990B08;EMP NAT 2024 T2 CB TF;78 734;8 000;17;8 500
13/06/2025;TNX0K9990B08;EMP NAT 2024 T2 CB TF;11 811;1 200;17;8 500
13/06/2025;TNX0K9990B08;EMP NAT 2024 T2 CB TF;8 858;0 900;12;8 500
13/06/2025;TNX0K9990B08;EMP NAT 2024 T2 CB TF;9 842;1 000;333;8 500
13/06/2025;TNX0K9990B08;EMP NAT 2024 T2 CB TF;14 763;1 500;7;8 500
13/06/2025;TN0008000762;BTA 8% Novembre 2030;8 172;8 000;17;8 500
13/06/2025;TNX0K9990B08;EMP NAT 2024 T2 CB TF;4 921;0 500;3;8 500
13/06/2025;TNX0K9990B08;EMP NAT 2024 T2 CB TF;4 921;0 500;10;8 500
13/06/2025;TNX0K9990B08;EMP NAT 2024 T2 CB TF;24 605;2 500;31;8 500
13/06/2025;TN0008000812;BTA 7,5% 13/12/2028;911;0 977;10;7 500
14/01/2025;TNXJGTXAROH4;BTA 9,90% 26 décembre 2034;1 487;1 499;90;9 000
14/01/2025;TNCR2TMAK1K8;EMP NAT 2023 T2 CB TF;23 493;2 500;7;8 000
14/01/2025;TN0008000747;BTA 7,2% Mai 2027;7 004;7 000;62;8 750
14/01/2025;TN0008000721;BTA 7,2% Fevrier 2027;894;1 000;6;8 250
14/01/2025;TN0008000721;BTA 7,2% Fevrier 2027;6 255;7 000;21;8 250
14/01/2025;TN0008000721;BTA 7,2% Fevrier 2027;5 361;6 000;20;8 250
14/01/2025;TN0008000721;BTA 7,2% Fevrier 2027;5 361;6 000;17;8 250
14/01/2025;TN0008000747;BTA 7,2% Mai 2027;57 272;57 239;30;8 750
14/01/2025;TNBII1MJCEF3;EMP NAT 2023 T4 CB TF;29 690;3 000;24;8 990
14/01/2025;TNBII1MJCEF3;EMP NAT 2023 T4 CB TF;3 959;0 400;28;8 990
14/01/2025;TNBII1MJCEF3;EMP NAT 2023 T4 CB TF;4 949;0 500;28;8 990
14/01/2025;TNBII1MJCEF3;EMP NAT 2023 T4 CB TF;14 845;1 500;31;8 990
14/01/2025;TNBII1MJCEF3;EMP NAT 2023 T4 CB TF;4 949;0 500;31;8 990
14/01/2025;TNBII1MJCEF3;EMP NAT 2023 T4 CB TF;2 969;0 300;7;8 990
14/01/2025;TNBII1MJCEF3;EMP NAT 2023 T4 CB TF;9 897;1 000;90;8 990
14/01/2025;TNUWXR58DVH5;EMP NAT 2024 T1 CB TF;2 400;0 240;13;9 600
14/02/2025;TN0008000606;BTA 6,7% Avril 2028;5 120;4 999;40;8 990
14/02/2025;TN0008000796;BTA 7,5% Janvier 2028;10 134;9 621;31;8 840
14/02/2025;TNPDPODY2398;EMP NAT 2024 T3 CC TF;3 000;0 300;90;9 090
14/02/2025;TN0008000622;BTA 6,3% Mars 2026;661;0 700;6;8 990
14/02/2025;TNPDPODY2398;EMP NAT 2024 T3 CC TF;27 000;2 700;90;9 090
14/02/2025;TNPDPODY2398;EMP NAT 2024 T3 CC TF;55 000;5 500;12;9 100
14/02/2025;TN9092FJVKK8;EMP NAT 2024 T4 CB TF;4 913;0 500;20;8 990
14/02/2025;TN9092FJVKK8;EMP NAT 2024 T4 CB TF;9 826;1 000;20;8 990
14/02/2025;TN9092FJVKK8;EMP NAT 2024 T4 CB TF;44 214;4 500;20;8 990
14/02/2025;TN9092FJVKK8;EMP NAT 2024 T4 CB TF;3 931;0 400;20;8 990
14/02/2025;TN9092FJVKK8;EMP NAT 2024 T4 CB TF;14 738;1 500;24;8 990
14/02/2025;TN0008000622;BTA 6,3% Mars 2026;1 416;1 500;6;8 990
14/02/2025;TN9092FJVKK8;EMP NAT 2024 T4 CB TF;4 913;0 500;10;8 990
14/02/2025;TN9092FJVKK8;EMP NAT 2024 T4 CB TF;9 826;1 000;90;9 840
14/02/2025;TN9092FJVKK8;EMP NAT 2024 T4 CB TF;3 439;0 350;90;8 990
14/02/2025;TN9092FJVKK8;EMP NAT 2024 T4 CB TF;49 126;5 000;31;8 990
14/02/2025;TNXJGTXAROH4;BTA 9,90% 26 décembre 2034;2 262;2 301;31;8 250
14/02/2025;TN9092FJVKK8;EMP NAT 2024 T4 CB TF;18 668;1 900;6;8 990
14/02/2025;TN0008000812;BTA 7,5% 13/12/2028;5 219;5 400;31;8 250
14/02/2025;TN0008000812;BTA 7,5% 13/12/2028;435;0 450;10;7 990
14/02/2025;TN0008000606;BTA 6,7% Avril 2028;2 150;2 099;31;7 990
14/02/2025;TN0008000606;BTA 6,7% Avril 2028;153;0 149;31;8 740
14/02/2025;TN0008000606;BTA 6,7% Avril 2028;133;0 130;31;8 740
14/02/2025;TNXJGTXAROH4;BTA 9,90% 26 décembre 2034;4 915;4 999;60;9 120
14/03/2025;TN0008000747;BTA 7,2% Mai 2027;943;1 000;24;7 500
14/03/2025;TN0008000606;BTA 6,7% Avril 2028;753;0 800;10;7 500
14/03/2025;TN0008000606;BTA 6,7% Avril 2028;4 711;5 000;10;7 500
14/03/2025;TN2781ZB9E10;EMP NAT 2024 T1 CB TV;20 000;2 000;335;9 140
14/03/2025;TNPDPODY2398;EMP NAT 2024 T3 CC TF;75 000;7 500;14;9 100
14/03/2025;TNPDPODY2398;EMP NAT 2024 T3 CC TF;9 700;0 970;14;9 100
14/03/2025;TNBII1MJCEF3;EMP NAT 2023 T4 CB TF;4 900;0 503;108;9 090
14/03/2025;TN0008000747;BTA 7,2% Mai 2027;995;1 001;14;8 990
14/03/2025;TNFC8O7A98F4;EMP NAT 2024 T3 CB TF;9 553;1 000;14;8 990
14/03/2025;TNFC8O7A98F4;EMP NAT 2024 T3 CB TF;28 657;3 000;90;9 840
14/03/2025;TNFC8O7A98F4;EMP NAT 2024 T3 CB TF;14 329;1 500;31;8 990
14/03/2025;TNFC8O7A98F4;EMP NAT 2024 T3 CB TF;47 762;5 000;10;8 990
14/03/2025;TNFC8O7A98F4;EMP NAT 2024 T3 CB TF;20 060;2 100;31;8 990
14/03/2025;TNFC8O7A98F4;EMP NAT 2024 T3 CB TF;71 643;7 500;14;8 990
14/03/2025;TNFC8O7A98F4;EMP NAT 2024 T3 CB TF;3 821;0 400;14;8 990
14/03/2025;TNFC8O7A98F4;EMP NAT 2024 T3 CB TF;17 195;1 800;14;8 990
14/03/2025;TNFC8O7A98F4;EMP NAT 2024 T3 CB TF;19 105;2 000;90;9 840
14/03/2025;TN0008000606;BTA 6,7% Avril 2028;942;1 000;7;8 990
14/03/2025;TN0008000606;BTA 6,7% Avril 2028;753;0 800;5;8 990
14/03/2025;TNFC8O7A98F4;EMP NAT 2024 T3 CB TF;62 091;6 500;90;8 990
14/03/2025;TNFC8O7A98F4;EMP NAT 2024 T3 CB TF;28 657;3 000;10;8 990
14/04/2025;TNN50G7PX8W5;EMP NAT 2023 T2 CB TV;40 000;4 000;30;8 150
14/04/2025;TNX0K9990B08;EMP NAT 2024 T2 CB TF;30 500;3 050;10;8 750
14/04/2025;TNRS9CVT3SJ7;EMP NAT 2023 T3 CB TV;4 000;0 421;95;8 490
14/04/2025;TN0008000580;BTA 6,3% Octobre 2026;165;0 170;10;7 910
14/04/2025;TNFC8O7A98F4;EMP NAT 2024 T3 CB TF;33 198;3 500;11;8 910
14/04/2025;TNFC8O7A98F4;EMP NAT 2024 T3 CB TF;33 198;3 500;3;8 910
14/04/2025;TN9092FJVKK8;EMP NAT 2024 T4 CB TF;145 415;15 000;10;8 910
14/04/2025;TNBII1MJCEF3;EMP NAT 2023 T4 CB TF;84 202;8 700;16;8 910
14/04/2025;TNBII1MJCEF3;EMP NAT 2023 T4 CB TF;106 463;11 000;16;8 910
14/04/2025;TN0008000812;BTA 7,5% 13/12/2028;20 617;19 701;16;8 910
14/04/2025;TN0008000580;BTA 6,3% Octobre 2026;175;0 180;10;7 910
14/04/2025;TNN50G7PX8W5;EMP NAT 2023 T2 CB TV;50 000;5 000;11;8 990
14/04/2025;TNUWXR58DVH5;EMP NAT 2024 T1 CB TF;2 000;0 200;290;8 990
14/04/2025;TNN50G7PX8W5;EMP NAT 2023 T2 CB TV;7 500;0 750;11;8 990
14/04/2025;TNUWXR58DVH5;EMP NAT 2024 T1 CB TF;10 000;1 000;290;8 990
14/04/2025;TN0008000663;BTA 7,5% Juillet 2032;1 041;1 100;10;8 910
14/04/2025;TN0008000622;BTA 6,3% Mars 2026;2 000;2 000;182;9 600
14/04/2025;TN0008000812;BTA 7,5% 13/12/2028;2 003;2 100;42;8 250
14/04/2025;TNUWXR58DVH5;EMP NAT 2024 T1 CB TF;20 000;2 000;290;8 990
14/04/2025;TNFC8O7A98F4;EMP NAT 2024 T3 CB TF;47 426;5 000;10;8 410
14/04/2025;TN9092FJVKK8;EMP NAT 2024 T4 CB TF;3 878;0 400;91;8 410
14/04/2025;TN9092FJVKK8;EMP NAT 2024 T4 CB TF;19 389;2 000;7;8 910
14/04/2025;TNGNCCQYSMR1;BTA 9.9% decembre 2033;26 874;27 739;91;8 500
14/04/2025;TNFC8O7A98F4;EMP NAT 2024 T3 CB TF;1 660;0 175;30;8 910
14/04/2025;TNFC8O7A98F4;EMP NAT 2024 T3 CB TF;66 396;7 000;25;8 910
14/04/2025;TN0008000622;BTA 6,3% Mars 2026;4 672;4 700;330;8 000
14/04/2025;TN0008000622;BTA 6,3% Mars 2026;6 262;6 300;330;8 000
14/05/2025;TN0008000762;BTA 8% Novembre 2030;770;0 800;36;8 500
14/05/2025;TNBII1MJCEF3;EMP NAT 2023 T4 CB TF;9 572;1 000;5;8 500
14/05/2025;TN0008000762;BTA 8% Novembre 2030;4 153;3 999;90;8 500
14/05/2025;TN2781ZB9E10;EMP NAT 2024 T1 CB TV;5 000;0 500;30;8 150
14/05/2025;TNVE955M6R90;EMP NAT 2023 T3 CB TF;35 000;3 500;30;8 150
14/05/2025;TNPDPODY2398;EMP NAT 2024 T3 CC TF;3 000;0 300;120;8 500
14/05/2025;TN0008000812;BTA 7,5% 13/12/2028;387;0 410;8;7 500
14/05/2025;TN0008000762;BTA 8% Novembre 2030;1 557;1 499;90;8 500
14/05/2025;TN0008000838;EMP NAT T1 2021 CB;3 800;0 380;20;9 500
14/05/2025;TN0008000739;BTA 7,4% Fevrier 2030;6 452;5 999;90;8 500
14/05/2025;TNBII1MJCEF3;EMP NAT 2023 T4 CB TF;23 929;2 500;8;8 500
14/05/2025;TNBII1MJCEF3;EMP NAT 2023 T4 CB TF;5 743;0 600;30;7 750
14/05/2025;TNBII1MJCEF3;EMP NAT 2023 T4 CB TF;5 743;0 600;30;7 750
14/05/2025;TN0008000762;BTA 8% Novembre 2030;1 557;1 499;90;8 500
14/05/2025;TNBII1MJCEF3;EMP NAT 2023 T4 CB TF;33 500;3 500;20;8 500
15/01/2025;TN0008000812;BTA 7,5% 13/12/2028;953;1 100;330;8 590
15/01/2025;TN9092FJVKK8;EMP NAT 2024 T4 CB TF;11 886;1 200;5;8 990
15/01/2025;TNBII1MJCEF3;EMP NAT 2023 T4 CB TF;8 113;0 820;12;8 990
15/01/2025;TNBII1MJCEF3;EMP NAT 2023 T4 CB TF;39 576;4 000;30;8 990
15/01/2025;TNN50G7PX8W5;EMP NAT 2023 T2 CB TV;5 000;0 500;57;9 000
15/01/2025;TN0008000812;BTA 7,5% 13/12/2028;2 725;2 800;26;8 250
15/01/2025;TN0008000812;BTA 7,5% 13/12/2028;4 570;4 601;331;8 990
15/01/2025;TN3C6DVEWM76;EMP NAT 2023 T1 CB TV;4 600;0 460;15;9 600
15/01/2025;TN0008000812;BTA 7,5% 13/12/2028;329;0 337;13;7 990
15/01/2025;TNXJGTXAROH4;BTA 9,90% 26 décembre 2034;990;0 999;50;8 400
15/01/2025;TNXJGTXAROH4;BTA 9,90% 26 décembre 2034;1 486;1 500;120;8 750
15/01/2025;TNXJGTXAROH4;BTA 9,90% 26 décembre 2034;990;0 999;120;8 750
15/01/2025;TNXJGTXAROH4;BTA 9,90% 26 décembre 2034;2 279;2 300;30;8 250
15/01/2025;TNAAGB5WL0L0;BH LEASING 2024-2;6 000;0 600;90;8 990
15/01/2025;TN0008000812;BTA 7,5% 13/12/2028;10 412;10 700;21;8 250
15/01/2025;TN0008000812;BTA 7,5% 13/12/2028;1 947;2 000;6;8 250
15/01/2025;TN0008000812;BTA 7,5% 13/12/2028;1 947;2 000;7;8 250
15/01/2025;TN0008000812;BTA 7,5% 13/12/2028;1 947;2 000;8;8 250
15/01/2025;TN9092FJVKK8;EMP NAT 2024 T4 CB TF;5 448;0 550;20;7 490
15/01/2025;TNRS9CVT3SJ7;EMP NAT 2023 T3 CB TV;110 000;11 000;21;9 100
15/01/2025;TN0008000812;BTA 7,5% 13/12/2028;40 651;38 000;90;8 990
15/01/2025;TNBII1MJCEF3;EMP NAT 2023 T4 CB TF;19 788;2 000;13;8 990
15/01/2025;TN0008000812;BTA 7,5% 13/12/2028;5 255;5 400;30;8 250
15/01/2025;TNXJGTXAROH4;BTA 9,90% 26 décembre 2034;397;0 401;15;8 250
15/04/2025;TN0008000622;BTA 6,3% Mars 2026;10 140;10 000;90;8 900
15/04/2025;TN0008000622;BTA 6,3% Mars 2026;1 988;2 000;90;8 910
15/04/2025;TNUWXR58DVH5;EMP NAT 2024 T1 CB TF;20 000;2 000;295;8 990
15/04/2025;TN0008000812;BTA 7,5% 13/12/2028;733;0 700;15;8 910
15/04/2025;TNN50G7PX8W5;EMP NAT 2023 T2 CB TV;400;0 040;28;8 250
15/04/2025;TN0008000747;BTA 7,2% Mai 2027;3 750;4 000;6;8 910
15/04/2025;TN0008000747;BTA 7,2% Mai 2027;4 735;5 050;10;7 400
15/04/2025;TNPDPODY2398;EMP NAT 2024 T3 CC TF;12 000;1 200;13;8 990
15/04/2025;TNPDPODY2398;EMP NAT 2024 T3 CC TF;92 700;9 270;13;8 990
15/04/2025;TNUWXR58DVH5;EMP NAT 2024 T1 CB TF;5 000;0 500;272;8 500
15/04/2025;TN0008000721;BTA 7,2% Fevrier 2027;20 525;20 000;30;8 600
15/04/2025;TNGNCCQYSMR1;BTA 9.9% decembre 2033;12 150;12 560;90;8 500
15/04/2025;TNFC8O7A98F4;EMP NAT 2024 T3 CB TF;3 794;0 400;15;8 910
15/04/2025;TNFC8O7A98F4;EMP NAT 2024 T3 CB TF;2 846;0 300;15;8 910
15/04/2025;TNFC8O7A98F4;EMP NAT 2024 T3 CB TF;18 968;2 000;22;8 910
15/04/2025;TNVE955M6R90;EMP NAT 2023 T3 CB TF;4 000;0 423;106;8 490
15/04/2025;TNFC8O7A98F4;EMP NAT 2024 T3 CB TF;21 813;2 300;15;8 910
15/04/2025;TNFC8O7A98F4;EMP NAT 2024 T3 CB TF;75 869;8 000;17;8 910
15/04/2025;TNUWXR58DVH5;EMP NAT 2024 T1 CB TF;1 000;0 100;259;9 250
15/04/2025;TNUWXR58DVH5;EMP NAT 2024 T1 CB TF;1 700;0 170;259;9 250
16/01/2025;TNMCPXLL1EE2;EMP NAT 2023 T4 CB TV;5 000;0 500;323;9 400
16/01/2025;TNMCPXLL1EE2;EMP NAT 2023 T4 CB TV;10 000;1 000;323;9 490
16/01/2025;TN2781ZB9E10;EMP NAT 2024 T1 CB TV;15 500;1 550;11;9 090
16/01/2025;TNXJGTXAROH4;BTA 9,90% 26 décembre 2034;396;0 400;20;8 100
16/01/2025;TN0008000812;BTA 7,5% 13/12/2028;1 391;1 301;319;9 380
16/01/2025;TNXJGTXAROH4;BTA 9,90% 26 décembre 2034;13 537;13 670;90;9 000
16/01/2025;TN0008000739;BTA 7,4% Fevrier 2030;935;1 000;15;8 990
16/01/2025;TN0008000739;BTA 7,4% Fevrier 2030;5 615;6 000;25;8 990
16/01/2025;TN0008000812;BTA 7,5% 13/12/2028;2 919;3 000;32;8 250
16/01/2025;TNBII1MJCEF3;EMP NAT 2023 T4 CB TF;1 187;0 120;320;8 990
16/01/2025;TN0008000739;BTA 7,4% Fevrier 2030;467;0 500;5;8 990
16/01/2025;TN0008000739;BTA 7,4% Fevrier 2030;467;0 500;11;8 990
16/04/2025;TNFC8O7A98F4;EMP NAT 2024 T3 CB TF;27 493;2 900;7;8 410
16/04/2025;TNFC8O7A98F4;EMP NAT 2024 T3 CB TF;109 023;11 500;9;8 910
16/04/2025;TNFC8O7A98F4;EMP NAT 2024 T3 CB TF;14 221;1 500;9;8 910
16/04/2025;TNFC8O7A98F4;EMP NAT 2024 T3 CB TF;5 689;0 600;30;8 410
16/04/2025;TNFC8O7A98F4;EMP NAT 2024 T3 CB TF;18 961;2 000;12;8 910
16/04/2025;TN0008000580;BTA 6,3% Octobre 2026;2 324;2 300;70;8 100
16/04/2025;TNGNCCQYSMR1;BTA 9.9% decembre 2033;13 541;13 999;90;8 500
16/04/2025;TNFC8O7A98F4;EMP NAT 2024 T3 CB TF;4 741;0 500;16;8 910
16/04/2025;TNFC8O7A98F4;EMP NAT 2024 T3 CB TF;14 221;1 500;30;8 410
16/04/2025;TNFC8O7A98F4;EMP NAT 2024 T3 CB TF;11 377;1 200;16;8 910
16/04/2025;TNX0K9990B08;EMP NAT 2024 T2 CB TF;10 000;1 000;6;7 490
16/04/2025;TN0008000747;BTA 7,2% Mai 2027;281;0 300;13;7 500
16/04/2025;TN0008000580;BTA 6,3% Octobre 2026;2 021;2 000;92;8 500
16/04/2025;TNUWXR58DVH5;EMP NAT 2024 T1 CB TF;50 000;5 000;5;8 990
16/04/2025;TNN50G7PX8W5;EMP NAT 2023 T2 CB TV;7 400;0 740;13;8 990
16/04/2025;TN0008000739;BTA 7,4% Fevrier 2030;22 815;21 000;70;8 100
16/04/2025;TN0008000739;BTA 7,4% Fevrier 2030;11 951;11 000;70;8 100
16/04/2025;TN0008000747;BTA 7,2% Mai 2027;562;0 600;12;8 910
16/04/2025;TN0008000812;BTA 7,5% 13/12/2028;105;0 110;14;7 910
16/04/2025;TN0008000580;BTA 6,3% Octobre 2026;131;0 130;30;8 660
16/04/2025;TN0008000580;BTA 6,3% Octobre 2026;2 122;2 100;30;7 750
16/04/2025;TN0008000580;BTA 6,3% Octobre 2026;151;0 149;30;8 660
16/05/2025;TN0008000655;BTA 6,6% Mars 2027;20 753;20 001;45;8 500
16/05/2025;TN0008000747;BTA 7,2% Mai 2027;5 795;5 800;11;7 250
16/05/2025;TN0008000747;BTA 7,2% Mai 2027;249;0 250;13;7 250
16/05/2025;TN0008000606;BTA 6,7% Avril 2028;894;0 900;329;8 000
16/05/2025;TNX0K9990B08;EMP NAT 2024 T2 CB TF;30 500;3 050;10;8 750
16/05/2025;TNX0K9990B08;EMP NAT 2024 T2 CB TF;6 985;0 700;180;8 500
16/05/2025;TNX0K9990B08;EMP NAT 2024 T2 CB TF;28 200;2 820;276;9 090
16/05/2025;TN0008000812;BTA 7,5% 13/12/2028;471;0 500;4;7 500
16/05/2025;TN0008000812;BTA 7,5% 13/12/2028;1 225;1 300;4;7 500
16/05/2025;TN0008000838;EMP NAT T1 2021 CB;7 450;0 745;13;7 250
16/05/2025;TNX0K9990B08;EMP NAT 2024 T2 CB TF;8 980;0 900;25;8 500
16/05/2025;TNX0K9990B08;EMP NAT 2024 T2 CB TF;73 633;7 380;361;9 950
16/05/2025;TNX0K9990B08;EMP NAT 2024 T2 CB TF;9 978;1 000;354;8 500
16/05/2025;TNX0K9990B08;EMP NAT 2024 T2 CB TF;6 985;0 700;10;8 500
16/05/2025;TNX0K9990B08;EMP NAT 2024 T2 CB TF;9 978;1 000;31;8 500
16/05/2025;TN0008000606;BTA 6,7% Avril 2028;160;0 150;91;8 000
16/05/2025;TN0008000606;BTA 6,7% Avril 2028;138;0 129;91;8 000
16/05/2025;TN0008000606;BTA 6,7% Avril 2028;2 243;2 099;91;8 500
16/05/2025;TNX0K9990B08;EMP NAT 2024 T2 CB TF;14 967;1 500;31;7 000
16/05/2025;TNX0K9990B08;EMP NAT 2024 T2 CB TF;14 967;1 500;31;8 500
16/05/2025;TNX0K9990B08;EMP NAT 2024 T2 CB TF;89 797;9 000;349;8 910
16/06/2025;TNX0K9990B08;EMP NAT 2024 T2 CB TF;24 588;2 500;9;8 500
16/06/2025;TNX0K9990B08;EMP NAT 2024 T2 CB TF;5 901;0 600;30;7 750
16/06/2025;TNX0K9990B08;EMP NAT 2024 T2 CB TF;3 934;0 400;30;7 750
16/06/2025;TNUWXR58DVH5;EMP NAT 2024 T1 CB TF;15 500;1 550;10;8 750
16/06/2025;TNMCPXLL1EE2;EMP NAT 2023 T4 CB TV;15 000;1 500;10;8 750
16/06/2025;TNX0K9990B08;EMP NAT 2024 T2 CB TF;22 621;2 300;106;8 500
16/06/2025;TN0008000747;BTA 7,2% Mai 2027;14 379;13 989;91;8 510
16/06/2025;TN2781ZB9E10;EMP NAT 2024 T1 CB TV;20 400;2 040;9;8 600
16/06/2025;TNN50G7PX8W5;EMP NAT 2023 T2 CB TV;91 000;9 100;16;8 600
16/06/2025;TN0008000747;BTA 7,2% Mai 2027;513;0 499;30;8 500
16/06/2025;TN0008000747;BTA 7,2% Mai 2027;513;0 499;30;8 500
16/06/2025;TN0008000762;BTA 8% Novembre 2030;2 042;2 000;30;8 500
16/06/2025;TN0008000762;BTA 8% Novembre 2030;1 021;1 000;30;8 500
16/06/2025;TNRS9CVT3SJ7;EMP NAT 2023 T3 CB TV;3 940;0 394;30;8 150
16/06/2025;TNX0K9990B08;EMP NAT 2024 T2 CB TF;15 736;1 600;21;8 500
16/06/2025;TNX0K9990B08;EMP NAT 2024 T2 CB TF;19 670;2 000;30;8 500
16/06/2025;TNX0K9990B08;EMP NAT 2024 T2 CB TF;9 835;1 000;30;8 500
16/06/2025;TNUWXR58DVH5;EMP NAT 2024 T1 CB TF;14 427;1 500;21;8 500
16/06/2025;TNUWXR58DVH5;EMP NAT 2024 T1 CB TF;67 324;7 000;21;8 500
16/06/2025;TNX0K9990B08;EMP NAT 2024 T2 CB TF;14 753;1 500;30;7 000
16/06/2025;TNX0K9990B08;EMP NAT 2024 T2 CB TF;4 918;0 500;10;8 500
16/06/2025;TNX0K9990B08;EMP NAT 2024 T2 CB TF;4 918;0 500;106;8 500
16/06/2025;TNVE955M6R90;EMP NAT 2023 T3 CB TF;30 000;3 000;30;8 000
16/06/2025;TNVE955M6R90;EMP NAT 2023 T3 CB TF;20 000;2 000;30;8 000
16/06/2025;TN0008000895;EMPRUNT NATIONAL 2021 T2 CB;18 700;2 000;1;7 500
16/06/2025;TN0008000838;EMP NAT T1 2021 CB;27 770;3 000;1;7 500
16/06/2025;TN0008000747;BTA 7,2% Mai 2027;7 194;6 999;91;8 200
17/01/2025;TN0008000812;BTA 7,5% 13/12/2028;11 762;11 001;53;9 000
17/01/2025;TNBII1MJCEF3;EMP NAT 2023 T4 CB TF;25 000;2 500;322;9 400
17/01/2025;TNRS9CVT3SJ7;EMP NAT 2023 T3 CB TV;55 000;5 500;73;9 100
17/01/2025;TNN50G7PX8W5;EMP NAT 2023 T2 CB TV;14 150;1 502;49;9 100
17/01/2025;TN3C6DVEWM76;EMP NAT 2023 T1 CB TV;80 000;8 000;6;9 100
17/01/2025;TN0008000747;BTA 7,2% Mai 2027;953;1 000;90;9 840
17/01/2025;TN0008000747;BTA 7,2% Mai 2027;285;0 300;41;7 500
17/01/2025;TN0008000812;BTA 7,5% 13/12/2028;7 295;7 500;4;8 250
17/01/2025;TN0008000812;BTA 7,5% 13/12/2028;1 070;1 000;10;9 230
17/01/2025;TN0008000812;BTA 7,5% 13/12/2028;3 248;3 339;24;7 990
17/01/2025;TN0008000812;BTA 7,5% 13/12/2028;587;0 603;24;7 990
17/01/2025;TNRS9CVT3SJ7;EMP NAT 2023 T3 CB TV;3 800;0 380;150;8 990
17/01/2025;TN0008000812;BTA 7,5% 13/12/2028;423;0 434;24;7 990
17/02/2025;TN0008000812;BTA 7,5% 13/12/2028;2 121;2 001;28;9 000
17/02/2025;TN0008000812;BTA 7,5% 13/12/2028;3 181;3 001;149;9 000
17/02/2025;TN0008000812;BTA 7,5% 13/12/2028;1 061;1 000;10;9 230
17/02/2025;TN0008000622;BTA 6,3% Mars 2026;1 888;2 000;17;8 990
17/02/2025;TN0008000606;BTA 6,7% Avril 2028;4 022;3 930;30;8 840
17/02/2025;TN0008000606;BTA 6,7% Avril 2028;378;0 400;39;7 500
17/02/2025;TN0008000812;BTA 7,5% 13/12/2028;531;0 550;11;8 250
17/02/2025;TN0008000812;BTA 7,5% 13/12/2028;242;0 250;11;8 250
17/02/2025;TN9092FJVKK8;EMP NAT 2024 T4 CB TF;5 400;0 550;37;8 990
17/02/2025;TN9092FJVKK8;EMP NAT 2024 T4 CB TF;103 083;10 500;14;8 990
17/02/2025;TN9092FJVKK8;EMP NAT 2024 T4 CB TF;982;0 100;150;8 990
17/02/2025;TN0008000812;BTA 7,5% 13/12/2028;271;0 280;11;8 250
17/02/2025;TN9092FJVKK8;EMP NAT 2024 T4 CB TF;47 124;4 800;10;8 990
17/02/2025;TN9092FJVKK8;EMP NAT 2024 T4 CB TF;18 654;1 900;14;8 990
17/02/2025;TN9092FJVKK8;EMP NAT 2024 T4 CB TF;17 181;1 750;14;8 990
17/02/2025;TN0008000747;BTA 7,2% Mai 2027;753;0 759;30;8 990
17/02/2025;TN9092FJVKK8;EMP NAT 2024 T4 CB TF;6 873;0 700;10;8 990
17/02/2025;TN2781ZB9E10;EMP NAT 2024 T1 CB TV;60 000;6 000;11;9 100
17/02/2025;TN2781ZB9E10;EMP NAT 2024 T1 CB TV;60 000;6 000;10;9 100
17/02/2025;TN2781ZB9E10;EMP NAT 2024 T1 CB TV;24 000;2 400;9;9 100
17/02/2025;TN2781ZB9E10;EMP NAT 2024 T1 CB TV;15 000;1 500;8;9 100
17/02/2025;TN2781ZB9E10;EMP NAT 2024 T1 CB TV;15 000;1 500;7;9 100
17/02/2025;TNXJGTXAROH4;BTA 9,90% 26 décembre 2034;5 405;5 499;63;9 120
17/02/2025;TNFGSJPDAWE9;ENDA TAMWEEL 2023-1 CA TV;20 000;1 600;10;9 190
17/02/2025;TN54R4G06T00;ENDA TAMWEEL 2023-1 CA TF;10 000;0 800;10;9 190
17/02/2025;TNN50G7PX8W5;EMP NAT 2023 T2 CB TV;6 500;0 650;10;9 190
17/02/2025;TNNR35P1MXQ0;BTC 52 semaines 02052025;61 048;59 999;7;8 100
17/03/2025;TN0008000705;BTA 6,5% Juin 2025;479;0 500;30;8 990
17/03/2025;TNUWXR58DVH5;EMP NAT 2024 T1 CB TF;3 800;0 380;332;9 100
17/03/2025;TN2781ZB9E10;EMP NAT 2024 T1 CB TV;70 000;7 000;91;8 990
17/03/2025;TN0008000812;BTA 7,5% 13/12/2028;3 198;3 333;10;7 990
17/03/2025;TN0008000812;BTA 7,5% 13/12/2028;587;0 611;10;7 990
17/03/2025;TN0008000812;BTA 7,5% 13/12/2028;538;0 560;10;7 990
17/03/2025;TN0008000812;BTA 7,5% 13/12/2028;3 160;3 000;59;9 000
17/03/2025;TN0008000721;BTA 7,2% Fevrier 2027;2 000;2 000;325;8 500
17/03/2025;TNN50G7PX8W5;EMP NAT 2023 T2 CB TV;9 000;0 900;16;9 100
17/03/2025;TNUWXR58DVH5;EMP NAT 2024 T1 CB TF;77 000;7 700;16;9 100
17/03/2025;TNFC8O7A98F4;EMP NAT 2024 T3 CB TF;4 773;0 500;39;8 990
17/03/2025;TNFC8O7A98F4;EMP NAT 2024 T3 CB TF;28 635;3 000;14;8 990
17/03/2025;TNFC8O7A98F4;EMP NAT 2024 T3 CB TF;6 682;0 700;18;8 990
17/03/2025;TNFC8O7A98F4;EMP NAT 2024 T3 CB TF;2 864;0 300;7;7 490
17/03/2025;TNFC8O7A98F4;EMP NAT 2024 T3 CB TF;75 406;7 900;18;8 990
17/03/2025;TNFC8O7A98F4;EMP NAT 2024 T3 CB TF;2 864;0 300;14;8 990
17/03/2025;TN0008000812;BTA 7,5% 13/12/2028;5 180;5 400;42;8 250
17/03/2025;TN0008000747;BTA 7,2% Mai 2027;985;1 000;11;8 990
17/03/2025;TNFC8O7A98F4;EMP NAT 2024 T3 CB TF;109 768;11 500;30;8 990
17/03/2025;TNFC8O7A98F4;EMP NAT 2024 T3 CB TF;14 318;1 500;30;8 990
17/03/2025;TNFC8O7A98F4;EMP NAT 2024 T3 CB TF;4 773;0 500;21;8 990
17/03/2025;TN0008000747;BTA 7,2% Mai 2027;2 068;2 100;30;7 990
17/03/2025;TN0008000747;BTA 7,2% Mai 2027;147;0 149;30;8 740
17/03/2025;TN0008000747;BTA 7,2% Mai 2027;128;0 130;30;8 740
17/03/2025;TNXJGTXAROH4;BTA 9,90% 26 décembre 2034;2 249;2 300;35;8 250
17/03/2025;TNFC8O7A98F4;EMP NAT 2024 T3 CB TF;9 545;1 000;11;8 990
17/03/2025;TNFC8O7A98F4;EMP NAT 2024 T3 CB TF;2 625;0 275;30;8 490
17/03/2025;TNFC8O7A98F4;EMP NAT 2024 T3 CB TF;19 090;2 000;43;8 990
17/03/2025;TNAO0T7V1X56;EMP NAT 2024 T3 CB TV;96 112;10 000;178;8 990
17/03/2025;TNHUVZNLATV4;BTA 8% 31 Janvier 2029;4 113;3 922;318;8 740
17/03/2025;TNHUVZNLATV4;BTA 8% 31 Janvier 2029;1 131;1 078;318;8 740
17/04/2025;TN2781ZB9E10;EMP NAT 2024 T1 CB TV;6 000;0 600;90;8 750
17/04/2025;TN0008000705;BTA 6,5% Juin 2025;951;1 001;29;8 500
17/04/2025;TN0008000838;EMP NAT T1 2021 CB;25 000;2 500;4;8 990
17/04/2025;TNPDPODY2398;EMP NAT 2024 T3 CC TF;2 500;0 250;13;8 990
17/04/2025;TNNR35P1MXQ0;BTC 52 semaines 02052025;90 000;89 690;11;8 000
17/04/2025;TNFC8O7A98F4;EMP NAT 2024 T3 CB TF;47 390;5 000;13;8 910
17/04/2025;TNFC8O7A98F4;EMP NAT 2024 T3 CB TF;23 695;2 500;32;8 910
17/04/2025;TNFC8O7A98F4;EMP NAT 2024 T3 CB TF;26 538;2 800;15;8 410
17/04/2025;TNFC8O7A98F4;EMP NAT 2024 T3 CB TF;1 896;0 200;12;7 410
17/04/2025;TN0008000812;BTA 7,5% 13/12/2028;628;0 600;11;9 230
17/04/2025;TN2781ZB9E10;EMP NAT 2024 T1 CB TV;85 000;8 500;12;8 990
17/06/2025;TNUWXR58DVH5;EMP NAT 2024 T1 CB TF;48 072;5 000;10;8 500
17/06/2025;TNUWXR58DVH5;EMP NAT 2024 T1 CB TF;1 931;0 201;90;8 500
17/06/2025;TNUWXR58DVH5;EMP NAT 2024 T1 CB TF;28 843;3 000;90;8 500
17/06/2025;TNUWXR58DVH5;EMP NAT 2024 T1 CB TF;52 879;5 500;90;8 500
17/06/2025;TNBII1MJCEF3;EMP NAT 2023 T4 CB TF;52 500;5 250;16;8 600
17/06/2025;TNVE955M6R90;EMP NAT 2023 T3 CB TF;10 000;1 000;10;8 600
17/06/2025;TNUWXR58DVH5;EMP NAT 2024 T1 CB TF;67 300;7 000;10;8 500
17/06/2025;TN0008000747;BTA 7,2% Mai 2027;11 916;12 000;133;8 500
17/06/2025;TNUWXR58DVH5;EMP NAT 2024 T1 CB TF;4 808;0 500;7;8 500
17/06/2025;TN0008000838;EMP NAT T1 2021 CB;18 700;2 000;1;7 500
17/06/2025;TN0008000838;EMP NAT T1 2021 CB;27 700;3 000;1;7 500
17/06/2025;TNI5BPOGW9F1;BTA 9,89% 13 Juin 2033;3 492;3 900;358;8 500
18/02/2025;TN9092FJVKK8;EMP NAT 2024 T4 CB TF;14 723;1 500;10;8 990
18/02/2025;TN9092FJVKK8;EMP NAT 2024 T4 CB TF;98 149;10 000;30;9 814,900,000
18/02/2025;TN0008000580;BTA 6,3% Octobre 2026;167;0 171;10;7 990
18/02/2025;TN0008000762;BTA 8% Novembre 2030;2 123;2 000;29;8 990
18/02/2025;TNRS9CVT3SJ7;EMP NAT 2023 T3 CB TV;75 000;7 500;13;9 100
18/02/2025;TN0008000796;BTA 7,5% Janvier 2028;1 493;1 500;90;9 840
18/02/2025;TN0008000622;BTA 6,3% Mars 2026;2 831;3 000;10;7 500
18/02/2025;TN0008000580;BTA 6,3% Octobre 2026;177;0 181;10;7 990
18/03/2025;TNBII1MJCEF3;EMP NAT 2023 T4 CB TF;17 531;1 800;3;8 990
18/03/2025;TNBII1MJCEF3;EMP NAT 2023 T4 CB TF;19 479;2 000;90;9 840
18/03/2025;TNBII1MJCEF3;EMP NAT 2023 T4 CB TF;9 740;1 000;24;8 990
18/03/2025;TNUWXR58DVH5;EMP NAT 2024 T1 CB TF;2 979;0 300;181;8 990
18/03/2025;TNBII1MJCEF3;EMP NAT 2023 T4 CB TF;14 609;1 500;10;8 990
18/03/2025;TNBII1MJCEF3;EMP NAT 2023 T4 CB TF;24 348;2 500;10;8 990
18/03/2025;TNBII1MJCEF3;EMP NAT 2023 T4 CB TF;7 792;0 800;10;8 990
18/03/2025;TNXJGTXAROH4;BTA 9,90% 26 décembre 2034;15 055;15 399;16;8 990
18/03/2025;TN0008000663;BTA 7,5% Juillet 2032;380;0 400;90;9 840
18/03/2025;TNBII1MJCEF3;EMP NAT 2023 T4 CB TF;83 600;8 360;16;9 100
18/03/2025;TNBII1MJCEF3;EMP NAT 2023 T4 CB TF;2 500;0 250;16;9 100
18/03/2025;TNBII1MJCEF3;EMP NAT 2023 T4 CB TF;97 392;10 000;10;8 990
18/03/2025;TNBII1MJCEF3;EMP NAT 2023 T4 CB TF;68 175;7 000;20;8 990
18/03/2025;TNAO0T7V1X56;EMP NAT 2024 T3 CB TV;96 077;10 000;177;8 990
18/04/2025;TNUWXR58DVH5;EMP NAT 2024 T1 CB TF;12 000;1 217;294;8 490
18/04/2025;TNL8PGUB9C93;AMEN BANK SUB 2023-2 CA TV;20 000;1 600;62;8 490
18/04/2025;TNVFSFLG1FH4;EMP NAT 2022 T4 CC TV;11 000;1 100;62;8 490
18/04/2025;TNRS9CVT3SJ7;EMP NAT 2023 T3 CB TV;6 000;0 600;62;8 490
18/04/2025;TNAAGB5WL0L0;BH LEASING 2024-2;6 000;0 600;62;8 490
18/04/2025;TN0008000721;BTA 7,2% Fevrier 2027;400;0 400;62;8 490
18/04/2025;TN0008000606;BTA 6,7% Avril 2028;499;0 500;4;8 910
18/04/2025;TN0008000606;BTA 6,7% Avril 2028;2 298;2 300;73;9 150
18/04/2025;TN0008000747;BTA 7,2% Mai 2027;1 827;1 950;10;7 500
18/04/2025;TN0008000747;BTA 7,2% Mai 2027;140;0 150;11;7 500
18/04/2025;TN0008000747;BTA 7,2% Mai 2027;5 434;5 800;10;7 500
18/04/2025;TNXJGTXAROH4;BTA 9,90% 26 décembre 2034;1 550;1 600;90;8 000
18/04/2025;TNMCPXLL1EE2;EMP NAT 2023 T4 CB TV;30 000;3 000;231;8 590
18/04/2025;TNCYAUILJ413;BTA 9,87% 08 Janvier 2032;809;0 831;31;7 910
18/04/2025;TN0008000747;BTA 7,2% Mai 2027;937;1 000;10;8 910
18/04/2025;TNFC8O7A98F4;EMP NAT 2024 T3 CB TF;56 853;6 000;4;8 910
18/04/2025;TNFC8O7A98F4;EMP NAT 2024 T3 CB TF;28 427;3 000;12;8 910
18/04/2025;TNFC8O7A98F4;EMP NAT 2024 T3 CB TF;7 581;0 800;12;8 910
18/04/2025;TNBII1MJCEF3;EMP NAT 2023 T4 CB TF;5 802;0 600;10;8 910
18/04/2025;TNBII1MJCEF3;EMP NAT 2023 T4 CB TF;1 451;0 150;17;8 910
18/04/2025;TNX0K9990B08;EMP NAT 2024 T2 CB TF;76 200;7 620;12;8 990
18/04/2025;TNX0K9990B08;EMP NAT 2024 T2 CB TF;8 500;0 850;14;8 990
18/04/2025;TN0008000812;BTA 7,5% 13/12/2028;501;0 525;12;7 910
18/04/2025;TN0008000812;BTA 7,5% 13/12/2028;610;0 640;10;8 250
18/04/2025;TN0008000812;BTA 7,5% 13/12/2028;239;0 250;10;8 250
18/04/2025;TN0008000812;BTA 7,5% 13/12/2028;267;0 280;10;8 250
18/04/2025;TN0008000812;BTA 7,5% 13/12/2028;3 431;3 600;10;8 250
18/04/2025;TN0008000747;BTA 7,2% Mai 2027;2 931;3 000;12;8 500
18/04/2025;TN0008000747;BTA 7,2% Mai 2027;1 954;2 000;12;8 500
18/04/2025;TNBII1MJCEF3;EMP NAT 2023 T4 CB TF;29 006;3 000;12;8 500
18/04/2025;TNBII1MJCEF3;EMP NAT 2023 T4 CB TF;19 337;2 000;12;8 500
18/04/2025;TN0008000721;BTA 7,2% Fevrier 2027;1 100;1 100;31;9 660
18/04/2025;TN0008000721;BTA 7,2% Fevrier 2027;1 400;1 400;31;9 660
18/06/2025;TN2781ZB9E10;EMP NAT 2024 T1 CB TV;52 000;5 200;15;8 600
18/06/2025;TN2781ZB9E10;EMP NAT 2024 T1 CB TV;10 000;1 000;12;8 600
18/06/2025;TNPDPODY2398;EMP NAT 2024 T3 CC TF;35 000;3 500;5;7 100
18/06/2025;TNUWXR58DVH5;EMP NAT 2024 T1 CB TF;48 060;5 000;30;8 500
18/06/2025;TNUWXR58DVH5;EMP NAT 2024 T1 CB TF;48 060;5 000;90;8 500
18/06/2025;TNUWXR58DVH5;EMP NAT 2024 T1 CB TF;19 224;2 000;12;8 500
18/06/2025;TNUWXR58DVH5;EMP NAT 2024 T1 CB TF;14 418;1 500;12;8 500
18/06/2025;TN0008000812;BTA 7,5% 13/12/2028;1 020;1 000;34;8 500
18/06/2025;TNPDPODY2398;EMP NAT 2024 T3 CC TF;30 000;3 000;5;7 100
18/06/2025;TNUWXR58DVH5;EMP NAT 2024 T1 CB TF;14 418;1 500;30;8 500
18/06/2025;TNYGOCQ2WZX6;BH LEASING 2023-1;6 101;0 370;30;7 000
18/06/2025;TN0008000762;BTA 8% Novembre 2030;11 129;11 001;30;8 500
18/06/2025;TNUWXR58DVH5;EMP NAT 2024 T1 CB TF;86 507;9 000;30;8 500
18/06/2025;TNUWXR58DVH5;EMP NAT 2024 T1 CB TF;19 224;2 000;30;8 500
18/06/2025;TN0008000838;EMP NAT T1 2021 CB;18 700;2 000;1;7 500
18/06/2025;TN0008000838;EMP NAT T1 2021 CB;27 700;3 000;1;7 500
19/02/2025;TN0008000739;BTA 7,4% Fevrier 2030;9 988;10 000;41;8 990
19/02/2025;TN0008000739;BTA 7,4% Fevrier 2030;1 398;1 400;89;8 500
19/02/2025;TN0008000606;BTA 6,7% Avril 2028;1 892;2 000;30;8 890
19/02/2025;TNN50G7PX8W5;EMP NAT 2023 T2 CB TV;10 000;1 000;61;8 740
19/02/2025;TN0008000606;BTA 6,7% Avril 2028;2 554;2 700;30;8 890
19/02/2025;TNUWXR58DVH5;EMP NAT 2024 T1 CB TF;44 000;4 400;90;9 100
19/02/2025;TNUWXR58DVH5;EMP NAT 2024 T1 CB TF;44 000;4 400;90;9 100
19/02/2025;TN2781ZB9E10;EMP NAT 2024 T1 CB TV;5 000;0 500;359;9 240
19/02/2025;TNUWXR58DVH5;EMP NAT 2024 T1 CB TF;73 000;7 300;13;9 100
19/02/2025;TN0008000812;BTA 7,5% 13/12/2028;212;0 200;50;9 000
19/02/2025;TNUWXR58DVH5;EMP NAT 2024 T1 CB TF;34 964;3 500;12;8 990
19/02/2025;TNUWXR58DVH5;EMP NAT 2024 T1 CB TF;49 949;5 000;20;8 990
19/02/2025;TNUWXR58DVH5;EMP NAT 2024 T1 CB TF;14 985;1 500;30;8 990
19/02/2025;TNUWXR58DVH5;EMP NAT 2024 T1 CB TF;49 949;5 000;12;8 990
19/02/2025;TNUWXR58DVH5;EMP NAT 2024 T1 CB TF;9 341;0 935;100;8 990
19/02/2025;TNUWXR58DVH5;EMP NAT 2024 T1 CB TF;29 969;3 000;345;8 990
19/02/2025;TNUWXR58DVH5;EMP NAT 2024 T1 CB TF;14 985;1 500;30;7 490
19/02/2025;TN0008000812;BTA 7,5% 13/12/2028;3 312;3 433;15;7 990
19/02/2025;TN0008000812;BTA 7,5% 13/12/2028;587;0 608;15;7 990
19/02/2025;TN0008000812;BTA 7,5% 13/12/2028;422;0 437;15;7 990
19/02/2025;TN0008000812;BTA 7,5% 13/12/2028;290;0 300;30;8 250
19/05/2025;TNX0K9990B08;EMP NAT 2024 T2 CB TF;17 945;1 800;11;8 500
19/05/2025;TNX0K9990B08;EMP NAT 2024 T2 CB TF;79 755;8 000;11;8 500
19/05/2025;TNX0K9990B08;EMP NAT 2024 T2 CB TF;9 970;1 000;360;8 500
19/05/2025;TNX0K9990B08;EMP NAT 2024 T2 CB TF;12 961;1 300;11;8 500
19/05/2025;TNX0K9990B08;EMP NAT 2024 T2 CB TF;6 481;0 650;14;8 500
19/05/2025;TNRS9CVT3SJ7;EMP NAT 2023 T3 CB TV;3 900;0 407;88;8 100
19/05/2025;TNGCLJS7FYQ7;EMP NAT 2024 T4 CC TF;7 000;0 700;31;8 000
19/05/2025;TNRS9CVT3SJ7;EMP NAT 2023 T3 CB TV;5 000;0 500;31;8 000
19/05/2025;TN0008000747;BTA 7,2% Mai 2027;3 629;3 500;8;7 600
19/05/2025;TNPDPODY2398;EMP NAT 2024 T3 CC TF;50 000;5 000;10;8 600
19/05/2025;TN0008000747;BTA 7,2% Mai 2027;518;0 500;91;8 000
19/05/2025;TN0008000747;BTA 7,2% Mai 2027;8 813;8 499;91;8 000
19/05/2025;TN0008000580;BTA 6,3% Octobre 2026;174;0 181;91;7 500
19/05/2025;TNFGSJPDAWE9;ENDA TAMWEEL 2023-1 CA TV;12 500;1 000;30;9 250
19/05/2025;TN0008000580;BTA 6,3% Octobre 2026;964;1 000;91;7 500
19/05/2025;TN0008000721;BTA 7,2% Fevrier 2027;1 000;1 000;30;9 250
19/05/2025;TN0008000721;BTA 7,2% Fevrier 2027;1 100;1 100;30;9 250
19/05/2025;TN0008000812;BTA 7,5% 13/12/2028;1 883;2 000;21;7 500
19/05/2025;TN0008000812;BTA 7,5% 13/12/2028;1 883;2 000;7;7 500
19/05/2025;TN0008000812;BTA 7,5% 13/12/2028;612;0 650;10;7 500
19/05/2025;TN0008000812;BTA 7,5% 13/12/2028;142;0 150;10;7 500
19/05/2025;TN0008000812;BTA 7,5% 13/12/2028;189;0 200;10;7 500
19/05/2025;TN0008000812;BTA 7,5% 13/12/2028;4 048;4 300;10;7 500
19/05/2025;TN0008000812;BTA 7,5% 13/12/2028;620;0 600;10;8 230
19/05/2025;TN0008000721;BTA 7,2% Fevrier 2027;2 024;2 000;179;7 500
19/05/2025;TN0008000721;BTA 7,2% Fevrier 2027;10 120;10 000;30;7 600
19/05/2025;TNC6WBFURIQ8;EMP NAT 2024 T2 CB TV;40 000;4 000;360;9 970
19/05/2025;TNC6WBFURIQ8;EMP NAT 2024 T2 CB TV;100 000;10 000;360;9 720
19/05/2025;TN0008000721;BTA 7,2% Fevrier 2027;7 084;7 000;30;7 600
19/05/2025;TN0008000721;BTA 7,2% Fevrier 2027;3 036;3 000;30;7 600
19/05/2025;TN0008000721;BTA 7,2% Fevrier 2027;1 467;1 450;30;7 600
19/05/2025;TN0008000721;BTA 7,2% Fevrier 2027;222;0 220;30;7 600
19/05/2025;TN0008000721;BTA 7,2% Fevrier 2027;126;0 125;30;7 600
19/05/2025;TNGNCCQYSMR1;BTA 9.9% decembre 2033;1 876;1 949;57;8 550
19/06/2025;TN0008000721;BTA 7,2% Fevrier 2027;1 100;1 100;32;9 250
19/06/2025;TNFGSJPDAWE9;ENDA TAMWEEL 2023-1 CA TV;12 500;1 000;32;9 250
19/06/2025;TN0008000721;BTA 7,2% Fevrier 2027;1 000;1 000;32;9 250
19/06/2025;TNN50G7PX8W5;EMP NAT 2023 T2 CB TV;86 000;8 600;15;8 600
19/06/2025;TNN50G7PX8W5;EMP NAT 2023 T2 CB TV;20 000;2 000;12;8 600
19/06/2025;TN0008000721;BTA 7,2% Fevrier 2027;400;0 400;32;9 250
19/06/2025;TN0008000606;BTA 6,7% Avril 2028;3 168;3 000;11;7 250
19/06/2025;TN0008000606;BTA 6,7% Avril 2028;197;0 200;40;7 250
19/06/2025;TNUWXR58DVH5;EMP NAT 2024 T1 CB TF;22 104;2 300;11;8 500
19/06/2025;TNUWXR58DVH5;EMP NAT 2024 T1 CB TF;19 221;2 000;11;8 500
19/06/2025;TN0008000895;EMPRUNT NATIONAL 2021 T2 CB;18 700;2 000;1;7 500
19/06/2025;TN0008000838;EMP NAT T1 2021 CB;27 700;3 000;1;7 500
20/01/2025;TNN50G7PX8W5;EMP NAT 2023 T2 CB TV;70 000;7 000;70;9 100
20/01/2025;TNN50G7PX8W5;EMP NAT 2023 T2 CB TV;10 000;1 000;30;8 490
20/01/2025;TN0008000762;BTA 8% Novembre 2030;749;0 700;11;9 000
20/01/2025;TNGNCCQYSMR1;BTA 9.9% decembre 2033;198;0 200;30;8 250
20/01/2025;TNBII1MJCEF3;EMP NAT 2023 T4 CB TF;3 953;0 400;10;8 990
20/01/2025;TNBII1MJCEF3;EMP NAT 2023 T4 CB TF;44 464;4 500;10;8 990
20/01/2025;TNGNCCQYSMR1;BTA 9.9% decembre 2033;44 937;45 499;91;9 000
20/01/2025;TNBII1MJCEF3;EMP NAT 2023 T4 CB TF;9 881;1 000;10;8 990
20/01/2025;TN0008000606;BTA 6,7% Avril 2028;190;0 200;30;7 990
20/01/2025;TNBII1MJCEF3;EMP NAT 2023 T4 CB TF;4 941;0 500;10;8 990
20/01/2025;TN0008000622;BTA 6,3% Mars 2026;2 560;2 700;30;8 890
20/01/2025;TNBII1MJCEF3;EMP NAT 2023 T4 CB TF;12 351;1 250;30;8 990
20/01/2025;TN0008000622;BTA 6,3% Mars 2026;1 896;2 000;30;8 890
20/01/2025;TNBII1MJCEF3;EMP NAT 2023 T4 CB TF;14 822;1 500;18;8 990
20/01/2025;TN0008000747;BTA 7,2% Mai 2027;762;0 800;91;8 150
20/01/2025;TNBII1MJCEF3;EMP NAT 2023 T4 CB TF;14 822;1 500;30;8 990
20/01/2025;TNBII1MJCEF3;EMP NAT 2023 T4 CB TF;14 822;1 500;30;7 490
20/01/2025;TNBII1MJCEF3;EMP NAT 2023 T4 CB TF;18 280;1 850;14;8 990
20/01/2025;TNBII1MJCEF3;EMP NAT 2023 T4 CB TF;26 678;2 700;14;8 990
20/02/2025;TN0008000739;BTA 7,4% Fevrier 2030;19;0 020;29;8 890
20/02/2025;TN0008000739;BTA 7,4% Fevrier 2030;14;0 015;29;8 890
20/02/2025;TN0008000606;BTA 6,7% Avril 2028;189;0 200;27;7 990
20/02/2025;TNCR2TMAK1K8;EMP NAT 2023 T2 CB TF;23 741;2 550;7;8 000
20/02/2025;TNBII1MJCEF3;EMP NAT 2023 T4 CB TF;85 000;8 500;13;9 100
20/02/2025;TNN50G7PX8W5;EMP NAT 2023 T2 CB TV;6 500;0 650;7;9 100
20/02/2025;TNN50G7PX8W5;EMP NAT 2023 T2 CB TV;3 500;0 350;8;9 100
20/02/2025;TNN50G7PX8W5;EMP NAT 2023 T2 CB TV;3 500;0 350;8;9 100
20/02/2025;TN0008000812;BTA 7,5% 13/12/2028;965;1 000;8;8 250
20/02/2025;TN0008000812;BTA 7,5% 13/12/2028;3 375;3 500;8;8 250
20/02/2025;TNUWXR58DVH5;EMP NAT 2024 T1 CB TF;29 958;3 000;180;8 990
20/02/2025;TNUWXR58DVH5;EMP NAT 2024 T1 CB TF;29 958;3 000;90;8 990
20/02/2025;TNUWXR58DVH5;EMP NAT 2024 T1 CB TF;99 860;10 000;11;8 990
20/02/2025;TNUWXR58DVH5;EMP NAT 2024 T1 CB TF;3 995;0 400;14;8 990
20/02/2025;TN0008000812;BTA 7,5% 13/12/2028;965;1 000;8;8 250
20/02/2025;TNUWXR58DVH5;EMP NAT 2024 T1 CB TF;64 909;6 500;14;8 990
20/02/2025;TNVE955M6R90;EMP NAT 2023 T3 CB TF;15 000;1 500;35;9 600
20/02/2025;TNVE955M6R90;EMP NAT 2023 T3 CB TF;12 000;1 200;35;9 600
20/02/2025;TNUWXR58DVH5;EMP NAT 2024 T1 CB TF;12 982;1 300;25;8 990
20/02/2025;TNUWXR58DVH5;EMP NAT 2024 T1 CB TF;9 986;1 000;32;8 990
20/02/2025;TNUWXR58DVH5;EMP NAT 2024 T1 CB TF;7 989;0 800;32;8 990
20/02/2025;TNGNCCQYSMR1;BTA 9.9% decembre 2033;195;0 199;32;8 250
20/05/2025;TNLRQIP0OJY4;BTA 9% septembre 2029;6 755;7 000;34;8 500
20/05/2025;TNLRQIP0OJY4;BTA 9% septembre 2029;11 580;12 000;34;8 500
20/05/2025;TN0008000580;BTA 6,3% Octobre 2026;240;0 250;41;7 250
20/05/2025;TN0008000762;BTA 8% Novembre 2030;1 345;1 400;90;8 150
20/05/2025;TN0008000762;BTA 8% Novembre 2030;1 442;1 500;36;8 500
20/05/2025;TNN50G7PX8W5;EMP NAT 2023 T2 CB TV;89 000;8 900;16;8 600
20/05/2025;TN2781ZB9E10;EMP NAT 2024 T1 CB TV;50 000;5 000;15;8 600
20/05/2025;TNX0K9990B08;EMP NAT 2024 T2 CB TF;50 000;5 000;14;8 600
20/05/2025;TNX0K9990B08;EMP NAT 2024 T2 CB TF;50 000;5 000;10;8 600
20/05/2025;TNX0K9990B08;EMP NAT 2024 T2 CB TF;50 000;5 000;13;8 600
20/05/2025;TN0008000721;BTA 7,2% Fevrier 2027;15 169;15 000;30;7 600
20/05/2025;TNPDPODY2398;EMP NAT 2024 T3 CC TF;10 000;1 000;9;8 600
20/05/2025;TNPDPODY2398;EMP NAT 2024 T3 CC TF;10 000;1 000;7;8 600
20/05/2025;TNPDPODY2398;EMP NAT 2024 T3 CC TF;10 000;1 000;8;8 600
20/05/2025;TNGCLJS7FYQ7;EMP NAT 2024 T4 CC TF;9 700;0 970;90;8 150
20/05/2025;TNUWXR58DVH5;EMP NAT 2024 T1 CB TF;8 000;0 800;260;8 250
20/05/2025;TN0008000812;BTA 7,5% 13/12/2028;3 263;3 470;21;7 500
20/05/2025;TN0008000812;BTA 7,5% 13/12/2028;583;0 620;21;7 500
20/05/2025;TN0008000812;BTA 7,5% 13/12/2028;535;0 568;21;7 500
20/05/2025;TN0008000812;BTA 7,5% 13/12/2028;1 881;2 000;6;7 500
20/05/2025;TN0008000812;BTA 7,5% 13/12/2028;3 762;4 000;6;7 500
20/05/2025;TNN50G7PX8W5;EMP NAT 2023 T2 CB TV;1 500;0 150;217;8 500
20/05/2025;TN0008000812;BTA 7,5% 13/12/2028;283;0 300;38;7 750
20/05/2025;TNX0K9990B08;EMP NAT 2024 T2 CB TF;10 958;1 100;7;8 500
20/05/2025;TN0008000762;BTA 8% Novembre 2030;2 073;2 000;7;7 500
20/05/2025;TNX0K9990B08;EMP NAT 2024 T2 CB TF;99 618;10 000;16;8 500
20/05/2025;TNX0K9990B08;EMP NAT 2024 T2 CB TF;149 426;15 000;10;8 500
20/06/2025;TNBII1MJCEF3;EMP NAT 2023 T4 CB TF;14 147;1 500;4;9 840
20/06/2025;TN0008000770;BTA 7,3% Decembre 2027;1 540;1 600;31;8 500
20/06/2025;TNI5BPOGW9F1;BTA 9,89% 13 Juin 2033;2 095;2 100;355;8 530
20/06/2025;TN0008000606;BTA 6,7% Avril 2028;1 034;0 980;20;7 250
20/06/2025;TNVE955M6R90;EMP NAT 2023 T3 CB TF;6 000;0 600;31;9 250
20/06/2025;TNBII1MJCEF3;EMP NAT 2023 T4 CB TF;47 156;5 000;10;8 500
20/06/2025;TN0008000606;BTA 6,7% Avril 2028;790;0 800;5;8 500
20/06/2025;TNX0K9990B08;EMP NAT 2024 T2 CB TF;54 500;5 450;17;8 600
20/06/2025;TNI5BPOGW9F1;BTA 9,89% 13 Juin 2033;2 794;2 800;355;8 530
20/06/2025;TN0008000622;BTA 6,3% Mars 2026;246;0 250;31;8 900
20/06/2025;TNVE955M6R90;EMP NAT 2023 T3 CB TF;3 000;0 300;17;8 600
20/06/2025;TNRS9CVT3SJ7;EMP NAT 2023 T3 CB TV;13 500;1 350;12;8 600
20/06/2025;TNVE955M6R90;EMP NAT 2023 T3 CB TF;2 000;0 200;10;9 500
20/06/2025;TN0008000812;BTA 7,5% 13/12/2028;586;0 630;10;7 500
20/06/2025;TN0008000812;BTA 7,5% 13/12/2028;1 209;1 300;31;7 750
20/06/2025;TN0008000895;EMPRUNT NATIONAL 2021 T2 CB;18 700;2 000;3;7 500
20/06/2025;TN0008000838;EMP NAT T1 2021 CB;27 700;3 000;3;7 500
20/06/2025;TN0008000812;BTA 7,5% 13/12/2028;186;0 200;10;7 500
20/06/2025;TN0008000812;BTA 7,5% 13/12/2028;532;0 572;12;7 500
20/06/2025;TN0008000812;BTA 7,5% 13/12/2028;581;0 624;12;7 500
20/06/2025;TN0008000812;BTA 7,5% 13/12/2028;3 206;3 447;12;7 500
21/01/2025;TNGNCCQYSMR1;BTA 9.9% decembre 2033;1 400;1 400;182;8 800
21/01/2025;TNN50G7PX8W5;EMP NAT 2023 T2 CB TV;55 000;5 500;13;9 950
21/01/2025;TNBII1MJCEF3;EMP NAT 2023 T4 CB TF;49 396;5 000;22;8 990
21/01/2025;TNBII1MJCEF3;EMP NAT 2023 T4 CB TF;14 819;1 500;20;8 990
21/01/2025;TNBII1MJCEF3;EMP NAT 2023 T4 CB TF;9 880;1 000;30;8 990
21/01/2025;TNBII1MJCEF3;EMP NAT 2023 T4 CB TF;7 904;0 800;30;8 990
21/01/2025;TNBII1MJCEF3;EMP NAT 2023 T4 CB TF;6 916;0 700;10;8 990
21/01/2025;TNBII1MJCEF3;EMP NAT 2023 T4 CB TF;14 819;1 500;30;8 990
21/01/2025;TNBII1MJCEF3;EMP NAT 2023 T4 CB TF;113 609;11 500;13;8 990
21/01/2025;TN0008000655;BTA 6,6% Mars 2027;1 505;1 500;30;8 990
21/01/2025;TN3C6DVEWM76;EMP NAT 2023 T1 CB TV;30 000;3 000;17;9 100
21/01/2025;TNBII1MJCEF3;EMP NAT 2023 T4 CB TF;34 577;3 500;155;9 840
21/01/2025;TNBII1MJCEF3;EMP NAT 2023 T4 CB TF;268 216;27 150;154;9 840
21/02/2025;TNCYAUILJ413;BTA 9,87% 08 Janvier 2032;11 859;12 000;131;8 990
21/02/2025;TNUWXR58DVH5;EMP NAT 2024 T1 CB TF;179 700;18 000;31;8 990
21/02/2025;TNRS9CVT3SJ7;EMP NAT 2023 T3 CB TV;50 000;5 000;180;9 390
21/02/2025;TNAAGB5WL0L0;BH LEASING 2024-2;4 000;0 400;31;9 640
21/02/2025;TNZW31OFWNB5;MICROCRED 2024-1 TV;7 000;0 700;31;9 640
21/02/2025;TNN34MAL82X0;MICROCRED 2024-1 TF;19 000;1 900;31;9 640
21/02/2025;TNXJGTXAROH4;BTA 9,90% 26 décembre 2034;5 298;5 401;31;8 250
21/02/2025;TNX0K9990B08;EMP NAT 2024 T2 CB TF;18 600;2 000;20;8 990
21/02/2025;TNUWXR58DVH5;EMP NAT 2024 T1 CB TF;19 967;2 000;17;8 990
21/02/2025;TN0008000812;BTA 7,5% 13/12/2028;2 118;2 000;17;8 990
21/02/2025;TN0008000622;BTA 6,3% Mars 2026;2 830;3 000;13;8 990
21/02/2025;TNN50G7PX8W5;EMP NAT 2023 T2 CB TV;10 000;1 000;7;9 100
21/02/2025;TNX0K9990B08;EMP NAT 2024 T2 CB TF;75 000;7 500;13;9 100
21/02/2025;TNN50G7PX8W5;EMP NAT 2023 T2 CB TV;10 000;1 000;10;9 100
21/02/2025;TN0008000812;BTA 7,5% 13/12/2028;424;0 400;60;9 090
21/02/2025;TN0008000747;BTA 7,2% Mai 2027;396;0 400;60;9 090
21/02/2025;TNX0K9990B08;EMP NAT 2024 T2 CB TF;9 300;1 000;18;8 990
21/02/2025;TN0008000812;BTA 7,5% 13/12/2028;2 648;2 501;62;9 000
21/02/2025;TN0008000580;BTA 6,3% Octobre 2026;8 607;8 800;181;8 990
21/02/2025;TN0008000622;BTA 6,3% Mars 2026;566;0 600;5;8 990
21/03/2025;TNCYAUILJ413;BTA 9,87% 08 Janvier 2032;167;0 170;13;7 990
21/03/2025;TN0008000812;BTA 7,5% 13/12/2028;288;0 300;40;8 250
21/03/2025;TNMCPXLL1EE2;EMP NAT 2023 T4 CB TV;30 500;3 050;11;9 090
21/03/2025;TNCYAUILJ413;BTA 9,87% 08 Janvier 2032;177;0 180;13;7 990
21/03/2025;TN0008000747;BTA 7,2% Mai 2027;1 911;2 030;31;8 890
21/03/2025;TN0008000747;BTA 7,2% Mai 2027;2 581;2 740;31;8 890
21/03/2025;TN0008000663;BTA 7,5% Juillet 2032;951;1 000;90;9 840
21/03/2025;TN0008000606;BTA 6,7% Avril 2028;4 235;4 500;13;7 800
21/03/2025;TNN50G7PX8W5;EMP NAT 2023 T2 CB TV;7 500;0 750;17;9 100
21/03/2025;TNN50G7PX8W5;EMP NAT 2023 T2 CB TV;55 000;5 500;17;9 100
21/03/2025;TNFC8O7A98F4;EMP NAT 2024 T3 CB TF;19 069;2 000;12;8 990
21/03/2025;TNFC8O7A98F4;EMP NAT 2024 T3 CB TF;14 302;1 500;12;8 990
21/03/2025;TNFC8O7A98F4;EMP NAT 2024 T3 CB TF;14 302;1 500;31;7 490
21/03/2025;TNFC8O7A98F4;EMP NAT 2024 T3 CB TF;14 302;1 500;31;8 990
21/03/2025;TNFC8O7A98F4;EMP NAT 2024 T3 CB TF;9 535;1 000;31;8 990
21/03/2025;TNFC8O7A98F4;EMP NAT 2024 T3 CB TF;66 741;7 000;24;8 990
21/04/2025;TN0008000721;BTA 7,2% Fevrier 2027;1 000;1 000;28;9 660
21/04/2025;TN0008000770;BTA 7,3% Decembre 2027;4 869;5 000;42;8 250
21/04/2025;TN0008000721;BTA 7,2% Fevrier 2027;2 610;2 761;30;8 810
21/04/2025;TN0008000721;BTA 7,2% Fevrier 2027;2 017;2 045;30;8 810
21/04/2025;TN0008000812;BTA 7,5% 13/12/2028;220;0 211;91;8 500
21/04/2025;TN0008000812;BTA 7,5% 13/12/2028;303;0 290;91;8 500
21/04/2025;TNN50G7PX8W5;EMP NAT 2023 T2 CB TV;8 000;0 800;11;8 990
21/04/2025;TNN50G7PX8W5;EMP NAT 2023 T2 CB TV;100 000;10 000;11;8 990
21/04/2025;TNHUVZNLATV4;BTA 8% 31 Janvier 2029;2 395;2 302;30;8 660
21/04/2025;TN0008000580;BTA 6,3% Octobre 2026;36 260;35 920;91;8 530
21/04/2025;TN0008000812;BTA 7,5% 13/12/2028;619;0 650;42;8 250
21/04/2025;TN0008000812;BTA 7,5% 13/12/2028;3 284;3 448;14;7 910
21/04/2025;TN0008000812;BTA 7,5% 13/12/2028;587;0 616;14;7 910
21/04/2025;TN0008000812;BTA 7,5% 13/12/2028;538;0 565;14;7 910
21/04/2025;TNXJGTXAROH4;BTA 9,90% 26 décembre 2034;5 811;5 999;11;7 500
21/04/2025;TNXJGTXAROH4;BTA 9,90% 26 décembre 2034;116 230;119 999;39;8 000
21/04/2025;TN0008000622;BTA 6,3% Mars 2026;1 032;1 016;60;8 000
21/04/2025;TNXJGTXAROH4;BTA 9,90% 26 décembre 2034;2 228;2 300;30;7 500
21/04/2025;TNBII1MJCEF3;EMP NAT 2023 T4 CB TF;2 899;0 300;11;8 910
21/04/2025;TNBII1MJCEF3;EMP NAT 2023 T4 CB TF;14 492;1 500;25;7 410
21/04/2025;TNBII1MJCEF3;EMP NAT 2023 T4 CB TF;6 280;0 650;14;8 410
21/04/2025;TNBII1MJCEF3;EMP NAT 2023 T4 CB TF;9 661;1 000;14;8 910
21/04/2025;TNBII1MJCEF3;EMP NAT 2023 T4 CB TF;12 560;1 300;11;8 910
21/05/2025;TNRS9CVT3SJ7;EMP NAT 2023 T3 CB TV;5 700;0 596;93;8 100
21/05/2025;TNX0K9990B08;EMP NAT 2024 T2 CB TF;17 927;1 800;71;8 500
21/05/2025;TNX0K9990B08;EMP NAT 2024 T2 CB TF;39 837;4 000;20;8 500
21/05/2025;TNMCPXLL1EE2;EMP NAT 2023 T4 CB TV;55 700;5 570;19;8 600
21/05/2025;TNPDPODY2398;EMP NAT 2024 T3 CC TF;14 700;1 470;9;8 600
21/05/2025;TN0008000622;BTA 6,3% Mars 2026;2 747;2 781;30;8 400
21/05/2025;TN0008000622;BTA 6,3% Mars 2026;2 035;2 060;30;8 400
21/05/2025;TNX0K9990B08;EMP NAT 2024 T2 CB TF;2 988;0 300;103;8 500
21/05/2025;TNX0K9990B08;EMP NAT 2024 T2 CB TF;10 955;1 100;33;8 500
21/05/2025;TN0008000812;BTA 7,5% 13/12/2028;920;0 920;90;8 150
21/05/2025;TN2781ZB9E10;EMP NAT 2024 T1 CB TV;20 000;2 000;90;8 150
22/01/2025;TNLRQIP0OJY4;BTA 9% septembre 2029;4 384;5 000;170;8 740
22/01/2025;TN9092FJVKK8;EMP NAT 2024 T4 CB TF;177 968;18 000;30;8 990
22/01/2025;TNN34MAL82X0;MICROCRED 2024-1 TF;19 000;1 900;30;9 640
22/01/2025;TNZW31OFWNB5;MICROCRED 2024-1 TV;7 000;0 700;30;9 640
22/01/2025;TNAAGB5WL0L0;BH LEASING 2024-2;4 000;0 400;30;9 640
22/01/2025;TN0008000655;BTA 6,6% Mars 2027;4 012;4 001;48;9 000
22/01/2025;TNCR2TMAK1K8;EMP NAT 2023 T2 CB TF;23 915;2 550;7;8 000
22/01/2025;TNXJGTXAROH4;BTA 9,90% 26 décembre 2034;4 946;5 001;30;8 250
22/01/2025;TN3C6DVEWM76;EMP NAT 2023 T1 CB TV;70 000;7 000;8;9 100
22/01/2025;TN9092FJVKK8;EMP NAT 2024 T4 CB TF;4 944;0 500;12;8 990
22/01/2025;TN9092FJVKK8;EMP NAT 2024 T4 CB TF;29 662;3 000;16;8 990
22/01/2025;TN0008000655;BTA 6,6% Mars 2027;2 508;2 501;30;9 000
22/01/2025;TN0008000812;BTA 7,5% 13/12/2028;4 485;4 201;313;9 000
22/04/2025;TN2781ZB9E10;EMP NAT 2024 T1 CB TV;5 000;0 500;260;8 600
22/04/2025;TNN50G7PX8W5;EMP NAT 2023 T2 CB TV;110 000;11 000;13;8 990
22/04/2025;TNX0K9990B08;EMP NAT 2024 T2 CB TF;13 000;1 300;13;8 990
22/04/2025;TN0008000622;BTA 6,3% Mars 2026;19 684;19 380;90;8 500
22/04/2025;TN0008000747;BTA 7,2% Mai 2027;2 809;3 000;8;8 910
22/04/2025;TN0008000622;BTA 6,3% Mars 2026;1 786;1 800;90;7 900
22/04/2025;TNBII1MJCEF3;EMP NAT 2023 T4 CB TF;19 313;2 000;15;8 910
22/04/2025;TN0008000606;BTA 6,7% Avril 2028;599;0 600;62;7 700
22/04/2025;TN54R4G06T00;ENDA TAMWEEL 2023-1 CA TF;6 250;0 500;30;9 660
22/04/2025;TN0008000838;EMP NAT T1 2021 CB;10 000;1 000;30;9 660
22/04/2025;TN0008000812;BTA 7,5% 13/12/2028;828;0 800;50;8 500
22/04/2025;TNBII1MJCEF3;EMP NAT 2023 T4 CB TF;7 726;0 800;50;8 500
22/05/2025;TN0008000739;BTA 7,4% Fevrier 2030;980;1 000;60;7 750
22/05/2025;TN0008000739;BTA 7,4% Fevrier 2030;980;1 000;180;8 250
22/05/2025;TN0008000812;BTA 7,5% 13/12/2028;140;0 140;90;8 150
22/05/2025;TNPDPODY2398;EMP NAT 2024 T3 CC TF;52 400;5 240;19;8 600
22/05/2025;TNGCLJS7FYQ7;EMP NAT 2024 T4 CC TF;14 000;1 400;11;8 600
22/05/2025;TN0008000812;BTA 7,5% 13/12/2028;904;0 961;8;7 500
22/05/2025;TNVE955M6R90;EMP NAT 2023 T3 CB TF;6 000;0 600;29;9 250
22/05/2025;TNX0K9990B08;EMP NAT 2024 T2 CB TF;9 961;1 000;172;8 500
22/05/2025;TNX0K9990B08;EMP NAT 2024 T2 CB TF;9 961;1 000;19;8 500
22/05/2025;TNX0K9990B08;EMP NAT 2024 T2 CB TF;1 495;0 150;172;8 500
22/05/2025;TN87SF5T9RO3;BTA 9,8% 31 Octobre 2028;1 891;1 999;92;8 500
22/05/2025;TNX0K9990B08;EMP NAT 2024 T2 CB TF;6 973;0 700;7;8 500
23/01/2025;TN0008000838;EMP NAT T1 2021 CB;15 000;1 500;11;9 090
23/01/2025;TN9092FJVKK8;EMP NAT 2024 T4 CB TF;108 730;11 000;11;8 990
23/01/2025;TN9092FJVKK8;EMP NAT 2024 T4 CB TF;4 943;0 500;11;8 990
23/01/2025;TN9092FJVKK8;EMP NAT 2024 T4 CB TF;4 943;0 500;11;8 990
23/01/2025;TNN50G7PX8W5;EMP NAT 2023 T2 CB TV;5 000;0 500;67;9 100
23/01/2025;TN9092FJVKK8;EMP NAT 2024 T4 CB TF;14 827;1 500;11;8 990
23/01/2025;TN9092FJVKK8;EMP NAT 2024 T4 CB TF;19 769;2 000;22;8 990
23/01/2025;TN3C6DVEWM76;EMP NAT 2023 T1 CB TV;110 000;11 000;8;9 100
23/01/2025;TNUWXR58DVH5;EMP NAT 2024 T1 CB TF;17 500;1 750;7;9 100
23/01/2025;TNUWXR58DVH5;EMP NAT 2024 T1 CB TF;17 500;1 750;7;9 100
23/01/2025;TNUWXR58DVH5;EMP NAT 2024 T1 CB TF;15 000;1 500;7;9 100
23/01/2025;TN0008000747;BTA 7,2% Mai 2027;1 996;2 000;32;8 750
23/01/2025;TN0008000622;BTA 6,3% Mars 2026;947;1 000;25;7 500
23/01/2025;TN9092FJVKK8;EMP NAT 2024 T4 CB TF;19 769;2 000;90;9 840
23/01/2025;TN9092FJVKK8;EMP NAT 2024 T4 CB TF;49 423;5 000;32;8 990
23/01/2025;TN9092FJVKK8;EMP NAT 2024 T4 CB TF;11 862;1 200;97;8 990
23/01/2025;TNFC8O7A98F4;EMP NAT 2024 T3 CB TF;322 069;33 300;152;9 840
23/01/2025;TN9092FJVKK8;EMP NAT 2024 T4 CB TF;49 423;5 000;11;8 990
23/01/2025;TNFC8O7A98F4;EMP NAT 2024 T3 CB TF;62 867;6 500;14;8 990
23/01/2025;TNFC8O7A98F4;EMP NAT 2024 T3 CB TF;2 418;0 250;8;8 990
23/01/2025;TN0008000739;BTA 7,4% Fevrier 2030;747;0 800;7;8 990
23/04/2025;TN0008000622;BTA 6,3% Mars 2026;500;0 492;90;8 910
23/04/2025;TN0008000606;BTA 6,7% Avril 2028;3 000;2 777;90;8 910
23/04/2025;TN0008000747;BTA 7,2% Mai 2027;327;0 350;5;8 910
23/04/2025;TN0008000812;BTA 7,5% 13/12/2028;2 800;2 800;183;9 150
23/04/2025;TNN50G7PX8W5;EMP NAT 2023 T2 CB TV;4 000;0 400;13;8 990
23/04/2025;TNPDPODY2398;EMP NAT 2024 T3 CC TF;73 000;7 300;13;8 990
23/04/2025;TNBII1MJCEF3;EMP NAT 2023 T4 CB TF;14 095;1 460;90;8 410
23/04/2025;TNBII1MJCEF3;EMP NAT 2023 T4 CB TF;8 689;0 900;12;8 410
23/04/2025;TNBII1MJCEF3;EMP NAT 2023 T4 CB TF;4 827;0 500;9;8 910
23/04/2025;TN0008000812;BTA 7,5% 13/12/2028;1 200;1 200;183;9 150
23/04/2025;TNBII1MJCEF3;EMP NAT 2023 T4 CB TF;7 724;0 800;90;8 410
23/04/2025;TNBII1MJCEF3;EMP NAT 2023 T4 CB TF;19 308;2 000;20;8 910
23/04/2025;TNXJGTXAROH4;BTA 9,90% 26 décembre 2034;3 872;4 001;30;7 500
23/04/2025;TNXJGTXAROH4;BTA 9,90% 26 décembre 2034;194;0 200;30;7 350
23/04/2025;TN0008000762;BTA 8% Novembre 2030;966;1 000;128;7 700
23/05/2025;TN0008000580;BTA 6,3% Octobre 2026;2 505;2 601;5;7 400
23/05/2025;TN0008000838;EMP NAT T1 2021 CB;12 000;1 200;31;8 100
23/05/2025;TNPDPODY2398;EMP NAT 2024 T3 CC TF;11 000;1 100;31;8 100
23/05/2025;TNVFSFLG1FH4;EMP NAT 2022 T4 CC TV;11 000;1 100;31;8 100
23/05/2025;TNMCPXLL1EE2;EMP NAT 2023 T4 CB TV;20 000;2 000;31;9 250
23/05/2025;TNN50G7PX8W5;EMP NAT 2023 T2 CB TV;10 000;1 000;31;9 250
23/05/2025;TNBII1MJCEF3;EMP NAT 2023 T4 CB TF;3 000;0 300;31;9 250
23/05/2025;TNUWXR58DVH5;EMP NAT 2024 T1 CB TF;11 300;1 130;11;8 600
23/05/2025;TNUWXR58DVH5;EMP NAT 2024 T1 CB TF;63 700;6 370;19;8 600
23/05/2025;TN0008000762;BTA 8% Novembre 2030;11 400;11 001;20;8 500
23/05/2025;TN0008000655;BTA 6,6% Mars 2027;518;0 500;60;8 500
23/05/2025;TNXJGTXAROH4;BTA 9,90% 26 décembre 2034;1 449;1 500;31;7 090
23/05/2025;TN0008000721;BTA 7,2% Fevrier 2027;5 030;5 000;31;7 600
23/05/2025;TNX0K9990B08;EMP NAT 2024 T2 CB TF;109 535;11 000;20;8 500
23/05/2025;TNXJGTXAROH4;BTA 9,90% 26 décembre 2034;194;0 201;31;7 000
23/05/2025;TN0008000580;BTA 6,3% Octobre 2026;1 927;2 001;20;7 500
23/05/2025;TN0008000622;BTA 6,3% Mars 2026;502;0 499;60;8 500
23/05/2025;TNX0K9990B08;EMP NAT 2024 T2 CB TF;9 958;1 000;220;8 500
23/05/2025;TNX0K9990B08;EMP NAT 2024 T2 CB TF;139 408;14 000;18;8 500
23/05/2025;TNX0K9990B08;EMP NAT 2024 T2 CB TF;6 473;0 650;10;8 500
23/05/2025;TNX0K9990B08;EMP NAT 2024 T2 CB TF;59 747;6 000;13;8 500
23/05/2025;TN0008000721;BTA 7,2% Fevrier 2027;2 012;2 000;31;7 600
23/05/2025;TN0008000739;BTA 7,4% Fevrier 2030;245;0 250;31;7 000
23/06/2025;TN0008000812;BTA 7,5% 13/12/2028;910;0 979;17;7 500
23/06/2025;TN0008000812;BTA 7,5% 13/12/2028;1 019;1 000;10;8 230
23/06/2025;TN0008000739;BTA 7,4% Fevrier 2030;682;0 700;28;7 000
23/06/2025;TNMCPXLL1EE2;EMP NAT 2023 T4 CB TV;14 000;1 400;10;8 600
23/06/2025;TNBII1MJCEF3;EMP NAT 2023 T4 CB TF;12 000;1 200;38;8 100
23/06/2025;TN2781ZB9E10;EMP NAT 2024 T1 CB TV;11 000;1 100;38;8 100
23/06/2025;TNVFSFLG1FH4;EMP NAT 2022 T4 CC TV;11 000;1 100;38;8 100
23/06/2025;TNN50G7PX8W5;EMP NAT 2023 T2 CB TV;3 000;0 301;91;7 500
23/06/2025;TNN50G7PX8W5;EMP NAT 2023 T2 CB TV;7 000;0 701;7;7 000
23/06/2025;TNMCPXLL1EE2;EMP NAT 2023 T4 CB TV;20 000;2 000;30;9 250
23/06/2025;TNN50G7PX8W5;EMP NAT 2023 T2 CB TV;10 000;1 000;30;9 250
23/06/2025;TNRS9CVT3SJ7;EMP NAT 2023 T3 CB TV;2 000;0 200;10;9 250
23/06/2025;TNBII1MJCEF3;EMP NAT 2023 T4 CB TF;5 654;0 600;11;8 500
23/06/2025;TNBII1MJCEF3;EMP NAT 2023 T4 CB TF;18 847;2 000;10;8 500
23/06/2025;TNBII1MJCEF3;EMP NAT 2023 T4 CB TF;97 567;10 354;10;8 500
23/06/2025;TNX0K9990B08;EMP NAT 2024 T2 CB TF;1 472;0 150;14;8 500
23/06/2025;TN0008000895;EMPRUNT NATIONAL 2021 T2 CB;18 700;2 000;1;7 500
23/06/2025;TN0008000838;EMP NAT T1 2021 CB;27 700;3 000;1;7 500
24/01/2025;TNRS9CVT3SJ7;EMP NAT 2023 T3 CB TV;5 000;0 500;180;9 740
24/01/2025;TN0008000739;BTA 7,4% Fevrier 2030;14 018;15 000;10;9 630
24/01/2025;TN0008000606;BTA 6,7% Avril 2028;5 238;5 512;31;9 590
24/01/2025;TN0008000747;BTA 7,2% Mai 2027;16 197;16 229;90;9 030
24/01/2025;TNFC8O7A98F4;EMP NAT 2024 T3 CB TF;9 670;1 000;10;8 990
24/01/2025;TNFC8O7A98F4;EMP NAT 2024 T3 CB TF;9 670;1 000;31;8 990
24/01/2025;TN0008000812;BTA 7,5% 13/12/2028;3 399;3 500;10;8 250
24/01/2025;TNFC8O7A98F4;EMP NAT 2024 T3 CB TF;58 016;6 000;17;8 990
24/01/2025;TNCYAUILJ413;BTA 9,87% 08 Janvier 2032;3 983;4 000;347;8 990
24/02/2025;TNX0K9990B08;EMP NAT 2024 T2 CB TF;4 646;0 500;21;8 990
24/02/2025;TNX0K9990B08;EMP NAT 2024 T2 CB TF;106 856;11 500;21;8 990
24/02/2025;TNX0K9990B08;EMP NAT 2024 T2 CB TF;13 938;1 500;21;8 990
24/02/2025;TNX0K9990B08;EMP NAT 2024 T2 CB TF;13 938;1 500;31;8 990
24/02/2025;TNVE955M6R90;EMP NAT 2023 T3 CB TF;3 000;0 300;80;8 490
24/02/2025;TNRS9CVT3SJ7;EMP NAT 2023 T3 CB TV;4 000;0 400;80;8 490
24/02/2025;TN0008000812;BTA 7,5% 13/12/2028;435;0 451;14;7 990
24/02/2025;TNN50G7PX8W5;EMP NAT 2023 T2 CB TV;56 000;5 600;11;9 100
24/02/2025;TNN50G7PX8W5;EMP NAT 2023 T2 CB TV;9 000;0 900;8;9 100
24/02/2025;TNN50G7PX8W5;EMP NAT 2023 T2 CB TV;5 500;0 550;9;9 100
24/02/2025;TN0008000606;BTA 6,7% Avril 2028;2 043;2 000;30;8 750
24/02/2025;TN0008000606;BTA 6,7% Avril 2028;5 253;5 558;29;9 590
24/02/2025;TNN50G7PX8W5;EMP NAT 2023 T2 CB TV;4 800;0 480;30;8 750
24/02/2025;TNX0K9990B08;EMP NAT 2024 T2 CB TF;29 734;3 200;16;8 990
24/02/2025;TNBII1MJCEF3;EMP NAT 2023 T4 CB TF;979;0 100;280;8 990
24/03/2025;TN0008000812;BTA 7,5% 13/12/2028;531;0 554;15;7 990
24/03/2025;TNFC8O7A98F4;EMP NAT 2024 T3 CB TF;5 716;0 600;30;8 990
24/03/2025;TNFC8O7A98F4;EMP NAT 2024 T3 CB TF;9 526;1 000;93;9 840
24/03/2025;TNFC8O7A98F4;EMP NAT 2024 T3 CB TF;171 453;18 000;14;8 990
24/03/2025;TNFC8O7A98F4;EMP NAT 2024 T3 CB TF;28 576;3 000;14;8 990
24/03/2025;TNFC8O7A98F4;EMP NAT 2024 T3 CB TF;4 763;0 500;123;8 990
24/03/2025;TNFC8O7A98F4;EMP NAT 2024 T3 CB TF;7 621;0 800;74;8 990
24/03/2025;TN0008000663;BTA 7,5% Juillet 2032;1 901;2 000;92;9 840
24/03/2025;TN0008000747;BTA 7,2% Mai 2027;3 294;3 500;21;8 990
24/03/2025;TN0008000747;BTA 7,2% Mai 2027;2 163;2 200;2;7 990
24/03/2025;TN0008000747;BTA 7,2% Mai 2027;11 700;11 899;2;7 990
24/03/2025;TN0008000747;BTA 7,2% Mai 2027;18 681;18 999;2;7 990
24/03/2025;TN0008000812;BTA 7,5% 13/12/2028;527;0 550;14;8 250
24/03/2025;TN0008000812;BTA 7,5% 13/12/2028;240;0 250;14;8 250
24/03/2025;TN0008000812;BTA 7,5% 13/12/2028;269;0 280;14;8 250
24/03/2025;TN0008000812;BTA 7,5% 13/12/2028;1 437;1 500;14;8 250
24/03/2025;TN0008000812;BTA 7,5% 13/12/2028;3 352;3 500;14;8 250
24/03/2025;TNN34MAL82X0;MICROCRED 2024-1 TF;18 000;1 800;30;9 640
24/03/2025;TNFGSJPDAWE9;ENDA TAMWEEL 2023-1 CA TV;15 000;1 200;30;9 640
24/03/2025;TNAAGB5WL0L0;BH LEASING 2024-2;5 000;0 500;30;9 640
24/03/2025;TNPDPODY2398;EMP NAT 2024 T3 CC TF;10 500;1 050;15;9 100
24/03/2025;TNUWXR58DVH5;EMP NAT 2024 T1 CB TF;60 000;6 000;15;9 100
24/03/2025;TN0008000812;BTA 7,5% 13/12/2028;450;0 450;15;9 100
24/03/2025;TNFC8O7A98F4;EMP NAT 2024 T3 CB TF;47 626;5 000;10;8 990
24/03/2025;TNFC8O7A98F4;EMP NAT 2024 T3 CB TF;2 525;0 265;10;7 490
24/03/2025;TNFC8O7A98F4;EMP NAT 2024 T3 CB TF;2 763;0 290;32;8 990
24/03/2025;TNFC8O7A98F4;EMP NAT 2024 T3 CB TF;19 051;2 000;22;8 990
24/03/2025;TNXJGTXAROH4;BTA 9,90% 26 décembre 2034;487;0 499;98;7 990
24/03/2025;TNFC8O7A98F4;EMP NAT 2024 T3 CB TF;82 869;8 700;22;8 990
24/03/2025;TNXJGTXAROH4;BTA 9,90% 26 décembre 2034;5 362;5 499;30;8 250
24/03/2025;TNXJGTXAROH4;BTA 9,90% 26 décembre 2034;195;0 200;30;7 500
24/04/2025;TN0008000606;BTA 6,7% Avril 2028;17 918;16 589;120;8 520
24/04/2025;TN0008000747;BTA 7,2% Mai 2027;1 029;1 100;8;8 910
24/04/2025;TN0008000622;BTA 6,3% Mars 2026;992;1 000;18;8 910
24/04/2025;TNX0K9990B08;EMP NAT 2024 T2 CB TF;30 500;3 050;11;8 750
24/04/2025;TNCYAUILJ413;BTA 9,87% 08 Janvier 2032;175;0 180;11;7 910
24/04/2025;TNN50G7PX8W5;EMP NAT 2023 T2 CB TV;7 500;0 750;13;8 990
24/04/2025;TNN50G7PX8W5;EMP NAT 2023 T2 CB TV;59 000;5 900;13;8 990
24/04/2025;TNRS9CVT3SJ7;EMP NAT 2023 T3 CB TV;4 000;0 422;35;8 490
24/04/2025;TNCYAUILJ413;BTA 9,87% 08 Janvier 2032;166;0 171;11;7 910
24/04/2025;TN9092FJVKK8;EMP NAT 2024 T4 CB TF;96 710;10 000;11;8 910
24/04/2025;TN9092FJVKK8;EMP NAT 2024 T4 CB TF;193 420;20 000;29;8 910
24/04/2025;TNBII1MJCEF3;EMP NAT 2023 T4 CB TF;48 262;5 000;11;8 410
24/04/2025;TNBII1MJCEF3;EMP NAT 2023 T4 CB TF;966;0 100;11;8 910
24/04/2025;TNXJGTXAROH4;BTA 9,90% 26 décembre 2034;1 451;1 500;29;7 500
24/06/2025;TN0008000622;BTA 6,3% Mars 2026;4 984;5 000;30;7 600
24/06/2025;TN0008000622;BTA 6,3% Mars 2026;2 990;3 000;30;7 600
24/06/2025;TN0008000622;BTA 6,3% Mars 2026;1 395;1 400;30;7 600
24/06/2025;TN0008000622;BTA 6,3% Mars 2026;219;0 220;30;7 600
24/06/2025;TN0008000622;BTA 6,3% Mars 2026;125;0 125;30;7 600
24/06/2025;TNBII1MJCEF3;EMP NAT 2023 T4 CB TF;9 419;1 000;30;7 000
24/06/2025;TN0008000580;BTA 6,3% Octobre 2026;1 534;1 601;20;7 400
24/06/2025;TNMUZFAMCT05;BTCT 52 semaines 14102025;205;0 200;30;7 000
24/06/2025;TN0008000622;BTA 6,3% Mars 2026;1 964;2 000;10;8 500
24/06/2025;TNN50G7PX8W5;EMP NAT 2023 T2 CB TV;12 000;1 200;8;8 600
24/06/2025;TNX0K9990B08;EMP NAT 2024 T2 CB TF;55 000;5 500;8;8 600
24/06/2025;TNMCPXLL1EE2;EMP NAT 2023 T4 CB TV;2 750;0 275;34;8 150
24/06/2025;TNBII1MJCEF3;EMP NAT 2023 T4 CB TF;2 700;0 270;35;8 500
24/06/2025;TNUWXR58DVH5;EMP NAT 2024 T1 CB TF;191 829;20 000;10;8 500
24/06/2025;TNUWXR58DVH5;EMP NAT 2024 T1 CB TF;115 098;12 000;10;8 500
24/06/2025;TNUWXR58DVH5;EMP NAT 2024 T1 CB TF;191 829;20 000;10;8 500
24/06/2025;TNBII1MJCEF3;EMP NAT 2023 T4 CB TF;188 379;20 000;30;8 500
24/06/2025;TNBII1MJCEF3;EMP NAT 2023 T4 CB TF;42 386;4 500;8;8 500
24/06/2025;TNBII1MJCEF3;EMP NAT 2023 T4 CB TF;4 710;0 500;10;8 500
24/06/2025;TNUWXR58DVH5;EMP NAT 2024 T1 CB TF;76 732;8 000;10;8 500
24/06/2025;TN2781ZB9E10;EMP NAT 2024 T1 CB TV;4 400;0 440;35;8 500
24/06/2025;TNUWXR58DVH5;EMP NAT 2024 T1 CB TF;8 633;0 900;30;8 500
24/06/2025;TNUWXR58DVH5;EMP NAT 2024 T1 CB TF;1 919;0 200;30;8 500
24/06/2025;TNUWXR58DVH5;EMP NAT 2024 T1 CB TF;4 317;0 450;30;8 500
24/06/2025;TNUWXR58DVH5;EMP NAT 2024 T1 CB TF;4 796;0 500;30;8 500
24/06/2025;TNUWXR58DVH5;EMP NAT 2024 T1 CB TF;9 592;1 000;30;8 500
24/06/2025;TN0008000838;EMP NAT T1 2021 CB;27 700;3 000;1;7 500
24/06/2025;TN0008000895;EMPRUNT NATIONAL 2021 T2 CB;18 700;2 000;1;7 500
24/06/2025;TNUWXR58DVH5;EMP NAT 2024 T1 CB TF;4 796;0 500;7;8 500
24/06/2025;TNUWXR58DVH5;EMP NAT 2024 T1 CB TF;28 775;3 000;90;8 500
24/06/2025;TN0008000622;BTA 6,3% Mars 2026;1 992;2 000;30;7 600
24/06/2025;TNUWXR58DVH5;EMP NAT 2024 T1 CB TF;19 183;2 000;10;8 500
25/02/2025;TNN50G7PX8W5;EMP NAT 2023 T2 CB TV;8 200;0 820;30;8 750
25/02/2025;TNUWXR58DVH5;EMP NAT 2024 T1 CB TF;62 500;6 250;13;9 100
25/02/2025;TNRS9CVT3SJ7;EMP NAT 2023 T3 CB TV;7 500;0 750;9;9 100
25/02/2025;TNRS9CVT3SJ7;EMP NAT 2023 T3 CB TV;7 500;0 750;10;9 100
25/02/2025;TNBII1MJCEF3;EMP NAT 2023 T4 CB TF;7 833;0 800;10;8 990
25/02/2025;TNXJGTXAROH4;BTA 9,90% 26 décembre 2034;1 470;1 499;30;8 400
25/02/2025;TNXJGTXAROH4;BTA 9,90% 26 décembre 2034;1 960;1 999;10;7 990
25/02/2025;TNBII1MJCEF3;EMP NAT 2023 T4 CB TF;58 741;6 000;16;8 990
25/02/2025;TNBII1MJCEF3;EMP NAT 2023 T4 CB TF;48 951;5 000;30;8 990
25/03/2025;TNFC8O7A98F4;EMP NAT 2024 T3 CB TF;16 189;1 700;92;9 840
25/03/2025;TNXJGTXAROH4;BTA 9,90% 26 décembre 2034;3 409;3 499;20;7 990
25/03/2025;TNFC8O7A98F4;EMP NAT 2024 T3 CB TF;190 455;20 000;30;8 990
25/03/2025;TN0008000580;BTA 6,3% Octobre 2026;242;0 250;153;7 900
25/03/2025;TN0008000580;BTA 6,3% Octobre 2026;971;1 000;92;9 840
25/03/2025;TN0008000580;BTA 6,3% Octobre 2026;388;0 400;14;8 990
25/03/2025;TN2781ZB9E10;EMP NAT 2024 T1 CB TV;62 000;6 200;16;9 100
25/03/2025;TN2781ZB9E10;EMP NAT 2024 T1 CB TV;18 000;1 800;16;9 100
25/03/2025;TNFC8O7A98F4;EMP NAT 2024 T3 CB TF;9 523;1 000;14;8 990
25/03/2025;TNFC8O7A98F4;EMP NAT 2024 T3 CB TF;76 182;8 000;20;8 990
25/03/2025;TNFC8O7A98F4;EMP NAT 2024 T3 CB TF;95 228;10 000;20;8 990
25/03/2025;TN0008000812;BTA 7,5% 13/12/2028;18 915;18 001;20;8 990
25/03/2025;TNXJGTXAROH4;BTA 9,90% 26 décembre 2034;56 702;58 199;9;9 000
25/03/2025;TNXJGTXAROH4;BTA 9,90% 26 décembre 2034;8 817;9 050;9;9 000
25/03/2025;TN2781ZB9E10;EMP NAT 2024 T1 CB TV;8 000;0 800;92;9 750
25/04/2025;TNN34MAL82X0;MICROCRED 2024-1 TF;20 000;2 000;31;9 660
25/04/2025;TNRS9CVT3SJ7;EMP NAT 2023 T3 CB TV;7 800;0 823;34;8 490
25/04/2025;TN0008000606;BTA 6,7% Avril 2028;5 633;5 645;5;9 510
25/04/2025;TN0008000747;BTA 7,2% Mai 2027;5 287;5 650;10;7 500
25/04/2025;TN0008000622;BTA 6,3% Mars 2026;8 117;7 999;20;7 800
25/04/2025;TN9092FJVKK8;EMP NAT 2024 T4 CB TF;33 840;3 500;7;8 910
25/04/2025;TN9092FJVKK8;EMP NAT 2024 T4 CB TF;87 017;9 000;10;8 910
25/04/2025;TN9092FJVKK8;EMP NAT 2024 T4 CB TF;7 735;0 800;31;8 410
25/04/2025;TN9092FJVKK8;EMP NAT 2024 T4 CB TF;9 669;1 000;31;8 410
25/04/2025;TNN50G7PX8W5;EMP NAT 2023 T2 CB TV;49 500;4 950;13;8 990
25/04/2025;TNN50G7PX8W5;EMP NAT 2023 T2 CB TV;6 700;0 670;13;8 990
25/04/2025;TN9092FJVKK8;EMP NAT 2024 T4 CB TF;19 337;2 000;7;8 910
25/04/2025;TN9092FJVKK8;EMP NAT 2024 T4 CB TF;67 680;7 000;10;8 910
25/04/2025;TN9092FJVKK8;EMP NAT 2024 T4 CB TF;4 835;0 500;10;8 910
25/04/2025;TN9092FJVKK8;EMP NAT 2024 T4 CB TF;2 901;0 300;10;8 910
25/04/2025;TN9092FJVKK8;EMP NAT 2024 T4 CB TF;4 835;0 500;7;8 910
25/06/2025;TN0008000739;BTA 7,4% Fevrier 2030;15 823;15 000;29;7 600
25/06/2025;TN2781ZB9E10;EMP NAT 2024 T1 CB TV;22 000;2 200;40;8 000
25/06/2025;TN0008000622;BTA 6,3% Mars 2026;1 472;1 500;19;8 500
25/06/2025;TN0008000622;BTA 6,3% Mars 2026;8 199;8 350;20;7 650
25/06/2025;TN0008000580;BTA 6,3% Octobre 2026;5 172;5 400;20;8 500
25/06/2025;TNBII1MJCEF3;EMP NAT 2023 T4 CB TF;18 000;1 800;40;8 000
25/06/2025;TN0008000739;BTA 7,4% Fevrier 2030;2 922;3 000;12;8 500
25/06/2025;TNN50G7PX8W5;EMP NAT 2023 T2 CB TV;95 400;9 540;13;8 600
25/06/2025;TN2781ZB9E10;EMP NAT 2024 T1 CB TV;20 400;2 040;8;8 600
25/06/2025;TN0008000739;BTA 7,4% Fevrier 2030;779;0 800;9;8 500
25/06/2025;TN0008000739;BTA 7,4% Fevrier 2030;5 844;6 000;12;8 500
25/06/2025;TN0008000762;BTA 8% Novembre 2030;3 562;3 501;29;8 500
25/06/2025;TNUWXR58DVH5;EMP NAT 2024 T1 CB TF;95 890;10 000;12;8 500
25/06/2025;TNMUZFAMCT05;BTCT 52 semaines 14102025;8 910;8 700;33;8 350
25/06/2025;TN0HHORW0CG7;BTCT 52 semaines 19052026;323;0 300;180;7 920
25/06/2025;TNUWXR58DVH5;EMP NAT 2024 T1 CB TF;8 631;0 900;12;8 500
25/06/2025;TNUWXR58DVH5;EMP NAT 2024 T1 CB TF;76 712;8 000;26;8 500
25/06/2025;TNUWXR58DVH5;EMP NAT 2024 T1 CB TF;17 261;1 800;21;8 500
25/06/2025;TNUWXR58DVH5;EMP NAT 2024 T1 CB TF;28 767;3 000;7;8 500
25/06/2025;TNUWXR58DVH5;EMP NAT 2024 T1 CB TF;19 178;2 000;29;8 500
25/06/2025;TNUWXR58DVH5;EMP NAT 2024 T1 CB TF;14 384;1 500;29;8 500
25/06/2025;TNUWXR58DVH5;EMP NAT 2024 T1 CB TF;117 945;12 300;19;8 500
25/06/2025;TNUWXR58DVH5;EMP NAT 2024 T1 CB TF;120 821;12 600;12;8 500
25/06/2025;TN0008000895;EMPRUNT NATIONAL 2021 T2 CB;18 700;2 000;5;7 500
25/06/2025;TN0008000838;EMP NAT T1 2021 CB;27 700;3 000;5;7 500
25/06/2025;TN0008000580;BTA 6,3% Octobre 2026;144;0 150;61;7 500
26/02/2025;TNXJGTXAROH4;BTA 9,90% 26 décembre 2034;4 902;5 000;61;9 120
26/02/2025;TNBII1MJCEF3;EMP NAT 2023 T4 CB TF;34 267;3 500;9;8 990
26/02/2025;TNBII1MJCEF3;EMP NAT 2023 T4 CB TF;4 896;0 500;30;8 990
26/02/2025;TNBII1MJCEF3;EMP NAT 2023 T4 CB TF;9 791;1 000;9;8 990
26/02/2025;TNCYAUILJ413;BTA 9,87% 08 Janvier 2032;346;0 351;96;7 990
26/02/2025;TN0008000739;BTA 7,4% Fevrier 2030;39 567;35 999;14;8 850
26/02/2025;TN2781ZB9E10;EMP NAT 2024 T1 CB TV;57 000;5 700;13;9 100
26/02/2025;TN2781ZB9E10;EMP NAT 2024 T1 CB TV;12 000;1 200;12;9 100
26/02/2025;TN2781ZB9E10;EMP NAT 2024 T1 CB TV;12 000;1 200;13;9 100
26/02/2025;TN0008000655;BTA 6,6% Mars 2027;995;1 001;16;8 990
26/02/2025;TNBII1MJCEF3;EMP NAT 2023 T4 CB TF;9 791;1 000;16;8 990
26/02/2025;TNX0K9990B08;EMP NAT 2024 T2 CB TF;10 000;1 000;36;8 850
26/02/2025;TNBII1MJCEF3;EMP NAT 2023 T4 CB TF;9 791;1 000;8;8 990
26/02/2025;TNBII1MJCEF3;EMP NAT 2023 T4 CB TF;39 162;4 000;119;9 840
26/02/2025;TNBII1MJCEF3;EMP NAT 2023 T4 CB TF;2 693;0 275;12;8 990
26/02/2025;TNBII1MJCEF3;EMP NAT 2023 T4 CB TF;73 428;7 500;16;8 990
26/03/2025;TN0008000747;BTA 7,2% Mai 2027;188;0 200;22;7 990
26/03/2025;TNBII1MJCEF3;EMP NAT 2023 T4 CB TF;29 154;3 000;30;8 990
26/03/2025;TN2781ZB9E10;EMP NAT 2024 T1 CB TV;15 000;1 500;324;9 500
26/03/2025;TNBII1MJCEF3;EMP NAT 2023 T4 CB TF;19 436;2 000;90;9 840
26/03/2025;TNBII1MJCEF3;EMP NAT 2023 T4 CB TF;9 718;1 000;26;8 990
26/03/2025;TNBII1MJCEF3;EMP NAT 2023 T4 CB TF;6 803;0 700;35;8 990
26/03/2025;TNBII1MJCEF3;EMP NAT 2023 T4 CB TF;19 436;2 000;20;8 990
26/03/2025;TNBII1MJCEF3;EMP NAT 2023 T4 CB TF;3 402;0 350;33;8 990
26/03/2025;TNBII1MJCEF3;EMP NAT 2023 T4 CB TF;87 462;9 000;30;8 990
26/03/2025;TNI5BPOGW9F1;BTA 9,89% 13 Juin 2033;45 273;46 650;15;9 000
26/03/2025;TNBII1MJCEF3;EMP NAT 2023 T4 CB TF;9 718;1 000;30;8 990
26/03/2025;TN0008000812;BTA 7,5% 13/12/2028;631;0 600;12;9 230
26/03/2025;TN0008000721;BTA 7,2% Fevrier 2027;3 090;3 000;40;7 990
26/03/2025;TNBII1MJCEF3;EMP NAT 2023 T4 CB TF;7 775;0 800;30;8 990
26/03/2025;TNN50G7PX8W5;EMP NAT 2023 T2 CB TV;60 000;6 000;16;9 100
26/03/2025;TNN50G7PX8W5;EMP NAT 2023 T2 CB TV;8 000;0 800;16;9 100
26/03/2025;TNI5BPOGW9F1;BTA 9,89% 13 Juin 2033;5 270;5 601;30;9 590
26/03/2025;TNI5BPOGW9F1;BTA 9,89% 13 Juin 2033;4 863;5 000;12;7 500
26/03/2025;TNI5BPOGW9F1;BTA 9,89% 13 Juin 2033;778;0 800;12;7 500
26/03/2025;TN0008000622;BTA 6,3% Mars 2026;8 490;8 300;348;8 640
26/05/2025;TNFC8O7A98F4;EMP NAT 2024 T3 CB TF;4 657;0 500;17;8 990
26/05/2025;TN0008000663;BTA 7,5% Juillet 2032;281;0 300;35;7 250
26/05/2025;TNX0K9990B08;EMP NAT 2024 T2 CB TF;31 000;3 100;17;8 600
26/05/2025;TNMCPXLL1EE2;EMP NAT 2023 T4 CB TV;16 000;1 600;17;8 600
26/05/2025;TNMCPXLL1EE2;EMP NAT 2023 T4 CB TV;15 000;1 500;9;8 600
26/05/2025;TNUWXR58DVH5;EMP NAT 2024 T1 CB TF;5 000;0 500;9;8 600
26/05/2025;TNPDPODY2398;EMP NAT 2024 T3 CC TF;30 500;3 050;10;8 750
26/05/2025;TNX0K9990B08;EMP NAT 2024 T2 CB TF;14 863;1 500;14;8 500
26/05/2025;TNXJGTXAROH4;BTA 9,90% 26 décembre 2034;665;0 700;126;8 000
26/05/2025;TNX0K9990B08;EMP NAT 2024 T2 CB TF;7 432;0 750;14;8 500
26/05/2025;TNX0K9990B08;EMP NAT 2024 T2 CB TF;84 221;8 500;14;8 500
26/05/2025;TNX0K9990B08;EMP NAT 2024 T2 CB TF;108 992;11 000;10;8 500
26/05/2025;TNX0K9990B08;EMP NAT 2024 T2 CB TF;9 909;1 000;30;8 500
26/05/2025;TNX0K9990B08;EMP NAT 2024 T2 CB TF;7 927;0 800;30;8 500
26/05/2025;TNX0K9990B08;EMP NAT 2024 T2 CB TF;49 542;5 000;10;8 500
26/05/2025;TNX0K9990B08;EMP NAT 2024 T2 CB TF;9 909;1 000;8;8 500
26/05/2025;TN0008000838;EMP NAT T1 2021 CB;2 500;0 250;30;9 500
27/01/2025;TNFC8O7A98F4;EMP NAT 2024 T3 CB TF;7 923;0 820;14;8 990
27/01/2025;TNFC8O7A98F4;EMP NAT 2024 T3 CB TF;9 662;1 000;30;8 990
27/01/2025;TNOXRGYG8RL8;BTA 8% 24 Novembre 2025;9 813;10 000;91;9 240
27/01/2025;TN2781ZB9E10;EMP NAT 2024 T1 CB TV;15 500;1 550;9;9 090
27/01/2025;TNFC8O7A98F4;EMP NAT 2024 T3 CB TF;8 599;0 890;30;8 240
27/01/2025;TNFC8O7A98F4;EMP NAT 2024 T3 CB TF;8 165;0 845;30;8 240
27/01/2025;TNFC8O7A98F4;EMP NAT 2024 T3 CB TF;72 463;7 500;15;8 990
27/01/2025;TN0008000655;BTA 6,6% Mars 2027;501;0 500;30;9 000
27/01/2025;TNGNCCQYSMR1;BTA 9.9% decembre 2033;25 711;26 070;91;9 000
27/01/2025;TNX0K9990B08;EMP NAT 2024 T2 CB TF;10 000;1 000;30;8 740
27/01/2025;TN0008000747;BTA 7,2% Mai 2027;4 280;4 500;77;9 110
27/01/2025;TN0008000747;BTA 7,2% Mai 2027;10;0 010;9;9 800
27/01/2025;TNFC8O7A98F4;EMP NAT 2024 T3 CB TF;5 314;0 550;148;9 840
27/01/2025;TN0008000812;BTA 7,5% 13/12/2028;534;0 550;21;8 250
27/01/2025;TN0008000812;BTA 7,5% 13/12/2028;243;0 250;21;8 250
27/01/2025;TN0008000812;BTA 7,5% 13/12/2028;272;0 280;21;8 250
27/01/2025;TN0008000812;BTA 7,5% 13/12/2028;1 067;1 000;10;9 230
27/02/2025;TN0008000721;BTA 7,2% Fevrier 2027;6 978;7 000;347;8 690
27/02/2025;TNBII1MJCEF3;EMP NAT 2023 T4 CB TF;48 940;5 000;11;8 990
27/02/2025;TNBII1MJCEF3;EMP NAT 2023 T4 CB TF;7 831;0 800;113;8 990
27/02/2025;TNN50G7PX8W5;EMP NAT 2023 T2 CB TV;6 500;0 650;11;9 090
27/02/2025;TN54R4G06T00;ENDA TAMWEEL 2023-1 CA TF;10 000;0 800;11;9 090
27/02/2025;TNFGSJPDAWE9;ENDA TAMWEEL 2023-1 CA TV;20 000;1 600;11;9 090
27/02/2025;TNCR2TMAK1K8;EMP NAT 2023 T2 CB TF;23 700;2 550;7;8 000
27/02/2025;TN2781ZB9E10;EMP NAT 2024 T1 CB TV;60 000;6 000;13;9 100
27/02/2025;TNN50G7PX8W5;EMP NAT 2023 T2 CB TV;8 000;0 800;13;9 100
27/02/2025;TN0008000622;BTA 6,3% Mars 2026;1 696;1 800;7;8 990
27/02/2025;TN0008000739;BTA 7,4% Fevrier 2030;498;0 500;90;9 840
27/02/2025;TN0008000663;BTA 7,5% Juillet 2032;2 674;2 800;34;8 100
27/02/2025;TN0008000812;BTA 7,5% 13/12/2028;1 059;1 000;11;9 230
27/02/2025;TNNR35P1MXQ0;BTC 52 semaines 02052025;60 884;59 999;7;8 100
27/02/2025;TNXJGTXAROH4;BTA 9,90% 26 décembre 2034;490;0 500;20;7 990
27/02/2025;TNBII1MJCEF3;EMP NAT 2023 T4 CB TF;9 788;1 000;18;8 990
27/02/2025;TN0008000655;BTA 6,6% Mars 2027;994;1 000;18;8 990
27/02/2025;TNBII1MJCEF3;EMP NAT 2023 T4 CB TF;48 940;5 000;8;8 990
27/02/2025;TNBII1MJCEF3;EMP NAT 2023 T4 CB TF;16 640;1 700;29;8 990
27/02/2025;TNBII1MJCEF3;EMP NAT 2023 T4 CB TF;6 852;0 700;11;8 990
27/02/2025;TNBII1MJCEF3;EMP NAT 2023 T4 CB TF;16 640;1 700;15;8 990
27/02/2025;TNBII1MJCEF3;EMP NAT 2023 T4 CB TF;78 303;8 000;18;8 990
27/03/2025;TNVE955M6R90;EMP NAT 2023 T3 CB TF;16 000;1 600;32;9 750
27/03/2025;TNVE955M6R90;EMP NAT 2023 T3 CB TF;24 000;2 400;32;9 750
27/03/2025;TNBII1MJCEF3;EMP NAT 2023 T4 CB TF;48 573;5 000;32;8 990
27/03/2025;TNBII1MJCEF3;EMP NAT 2023 T4 CB TF;38 858;4 000;11;8 990
27/03/2025;TNBII1MJCEF3;EMP NAT 2023 T4 CB TF;38 858;4 000;20;8 990
27/03/2025;TNBII1MJCEF3;EMP NAT 2023 T4 CB TF;15 544;1 600;126;8 990
27/03/2025;TNCR2TMAK1K8;EMP NAT 2023 T2 CB TF;10 153;1 100;7;8 000
27/03/2025;TN0008000812;BTA 7,5% 13/12/2028;3 292;3 441;15;7 990
27/03/2025;TN0008000812;BTA 7,5% 13/12/2028;587;0 613;15;7 990
27/03/2025;TN0008000812;BTA 7,5% 13/12/2028;538;0 561;15;7 990
27/03/2025;TNBII1MJCEF3;EMP NAT 2023 T4 CB TF;2 915;0 300;126;8 990
27/03/2025;TN0008000812;BTA 7,5% 13/12/2028;4 000;4 000;18;9 100
27/03/2025;TN0008000812;BTA 7,5% 13/12/2028;850;0 850;18;9 100
27/03/2025;TN9092FJVKK8;EMP NAT 2024 T4 CB TF;63 224;6 500;32;8 990
27/03/2025;TN0008000622;BTA 6,3% Mars 2026;4 480;4 400;347;8 590
27/03/2025;TN0008000622;BTA 6,3% Mars 2026;2 240;2 200;347;8 590
27/03/2025;TN0008000762;BTA 8% Novembre 2030;8 416;8 000;123;8 990
27/03/2025;TNI5BPOGW9F1;BTA 9,89% 13 Juin 2033;27 758;28 610;14;8 750
27/03/2025;TNMCPXLL1EE2;EMP NAT 2023 T4 CB TV;8 000;0 800;153;8 500
27/03/2025;TNGNCCQYSMR1;BTA 9.9% decembre 2033;1 068;1 099;32;7 990
27/03/2025;TNUWXR58DVH5;EMP NAT 2024 T1 CB TF;50 000;5 000;300;9 000
27/03/2025;TNMCPXLL1EE2;EMP NAT 2023 T4 CB TV;10 000;1 000;253;9 000
27/03/2025;TNMCPXLL1EE2;EMP NAT 2023 T4 CB TV;20 000;2 000;253;9 000
27/03/2025;TNBII1MJCEF3;EMP NAT 2023 T4 CB TF;10 000;1 000;253;9 000
27/05/2025;TN0008000622;BTA 6,3% Mars 2026;3 013;3 000;6;7 000
27/05/2025;TNN34MAL82X0;MICROCRED 2024-1 TF;20 000;2 000;30;9 250
27/05/2025;TNX0K9990B08;EMP NAT 2024 T2 CB TF;69 278;7 000;20;8 500
27/05/2025;TN0008000812;BTA 7,5% 13/12/2028;1 873;2 000;8;7 500
27/05/2025;TN0008000812;BTA 7,5% 13/12/2028;3 745;4 000;8;7 500
27/05/2025;TN0008000663;BTA 7,5% Juillet 2032;563;0 600;29;8 500
27/05/2025;TNMCPXLL1EE2;EMP NAT 2023 T4 CB TV;86 000;8 600;17;8 600
27/05/2025;TNX0K9990B08;EMP NAT 2024 T2 CB TF;11 877;1 200;8;8 500
27/05/2025;TN0008000739;BTA 7,4% Fevrier 2030;2 130;1 999;240;7 950
27/05/2025;TNX0K9990B08;EMP NAT 2024 T2 CB TF;9 897;1 000;9;8 500
27/05/2025;TNX0K9990B08;EMP NAT 2024 T2 CB TF;39 588;4 000;9;8 500
27/05/2025;TNX0K9990B08;EMP NAT 2024 T2 CB TF;19 794;2 000;22;8 500
27/05/2025;TNX0K9990B08;EMP NAT 2024 T2 CB TF;46 516;4 700;16;8 500
27/05/2025;TNX0K9990B08;EMP NAT 2024 T2 CB TF;98 969;10 000;22;8 500
27/05/2025;TN0008000762;BTA 8% Novembre 2030;4 831;4 701;16;8 500
27/05/2025;TN0008000762;BTA 8% Novembre 2030;12 333;12 001;22;8 500
27/05/2025;TNPDPODY2398;EMP NAT 2024 T3 CC TF;10 000;1 000;9;8 600
27/06/2025;TNMCPXLL1EE2;EMP NAT 2023 T4 CB TV;14 000;1 400;10;8 750
27/06/2025;TNUWXR58DVH5;EMP NAT 2024 T1 CB TF;16 000;1 600;10;8 750
27/06/2025;TNVE955M6R90;EMP NAT 2023 T3 CB TF;10 000;1 000;7;8 600
27/06/2025;TNMCPXLL1EE2;EMP NAT 2023 T4 CB TV;58 000;5 800;12;8 600
27/06/2025;TN0008000762;BTA 8% Novembre 2030;476;0 500;90;8 000
27/06/2025;TNL8PGUB9C93;AMEN BANK SUB 2023-2 CA TV;13 750;1 100;31;9 250
27/06/2025;TNRS9CVT3SJ7;EMP NAT 2023 T3 CB TV;9 000;0 900;31;9 250
27/06/2025;TNRS9CVT3SJ7;EMP NAT 2023 T3 CB TV;20 000;2 000;20;9 250
27/06/2025;TNX0K9990B08;EMP NAT 2024 T2 CB TF;529 181;54 000;180;9 950
27/06/2025;TN0008000762;BTA 8% Novembre 2030;3 052;3 001;25;8 500
27/06/2025;TN0008000812;BTA 7,5% 13/12/2028;246;0 265;31;7 750
27/06/2025;TNUWXR58DVH5;EMP NAT 2024 T1 CB TF;28 753;3 000;25;8 500
27/06/2025;TNX0K9990B08;EMP NAT 2024 T2 CB TF;4 900;0 500;10;8 500
27/06/2025;TNX0K9990B08;EMP NAT 2024 T2 CB TF;9 800;1 000;31;8 500
27/06/2025;TNX0K9990B08;EMP NAT 2024 T2 CB TF;7 840;0 800;31;8 500
27/06/2025;TNX0K9990B08;EMP NAT 2024 T2 CB TF;78 398;8 000;21;8 500
27/06/2025;TNX0K9990B08;EMP NAT 2024 T2 CB TF;9 800;1 000;186;8 500
27/06/2025;TNX0K9990B08;EMP NAT 2024 T2 CB TF;9 800;1 000;24;8 500
27/06/2025;TNMUZFAMCT05;BTCT 52 semaines 14102025;44 152;43 119;31;8 350
28/01/2025;TN0008000796;BTA 7,5% Janvier 2028;2 474;2 800;359;8 640
28/01/2025;TN0008000747;BTA 7,2% Mai 2027;380;0 400;90;8 550
28/01/2025;TN0008000739;BTA 7,4% Fevrier 2030;940;1 000;13;8 990
28/01/2025;TN0008000747;BTA 7,2% Mai 2027;951;1 000;90;9 840
28/01/2025;TNFC8O7A98F4;EMP NAT 2024 T3 CB TF;77 274;8 000;15;8 990
28/01/2025;TNFC8O7A98F4;EMP NAT 2024 T3 CB TF;28 978;3 000;10;8 990
28/01/2025;TNN50G7PX8W5;EMP NAT 2023 T2 CB TV;35 000;3 500;30;9 000
28/01/2025;TN0008000812;BTA 7,5% 13/12/2028;435;0 448;17;7 990
28/01/2025;TNFC8O7A98F4;EMP NAT 2024 T3 CB TF;4 444;0 460;62;7 490
28/02/2025;TNCYAUILJ413;BTA 9,87% 08 Janvier 2032;168;0 170;10;7 990
28/02/2025;TNCYAUILJ413;BTA 9,87% 08 Janvier 2032;178;0 180;10;7 990
28/02/2025;TN0008000663;BTA 7,5% Juillet 2032;477;0 500;90;8 500
28/02/2025;TN0008000739;BTA 7,4% Fevrier 2030;7 688;6 999;31;9 090
28/02/2025;TN0008000739;BTA 7,4% Fevrier 2030;8 786;7 999;31;9 090
28/02/2025;TNOXRGYG8RL8;BTA 8% 24 Novembre 2025;70;0 071;61;8 000
28/02/2025;TNOXRGYG8RL8;BTA 8% 24 Novembre 2025;58;0 059;61;8 000
28/02/2025;TNOXRGYG8RL8;BTA 8% 24 Novembre 2025;1 086;1 100;27;8 000
28/02/2025;TNOXRGYG8RL8;BTA 8% 24 Novembre 2025;938;0 950;27;8 000
28/02/2025;TN0008000739;BTA 7,4% Fevrier 2030;23 065;20 999;31;9 090
28/02/2025;TN0008000606;BTA 6,7% Avril 2028;755;0 800;12;7 500
28/02/2025;TN0008000606;BTA 6,7% Avril 2028;4 722;5 000;12;7 500
28/02/2025;TNBII1MJCEF3;EMP NAT 2023 T4 CB TF;195 686;20 000;25;8 990
28/02/2025;TNBII1MJCEF3;EMP NAT 2023 T4 CB TF;14 677;1 500;10;8 990
28/02/2025;TNBII1MJCEF3;EMP NAT 2023 T4 CB TF;29 353;3 000;3;8 990
28/02/2025;TNUWXR58DVH5;EMP NAT 2024 T1 CB TF;58 000;5 800;13;9 100
28/02/2025;TNUWXR58DVH5;EMP NAT 2024 T1 CB TF;10 500;1 050;13;9 100
28/02/2025;TN0008000622;BTA 6,3% Mars 2026;2 826;3 000;10;7 600
28/02/2025;TN9092FJVKK8;EMP NAT 2024 T4 CB TF;3 919;0 400;14;8 990
28/02/2025;TN9092FJVKK8;EMP NAT 2024 T4 CB TF;73 476;7 500;18;8 990
28/02/2025;TN9092FJVKK8;EMP NAT 2024 T4 CB TF;961;0 098;60;8 990
28/02/2025;TNBII1MJCEF3;EMP NAT 2023 T4 CB TF;12 231;1 250;90;8 990
28/03/2025;TNBII1MJCEF3;EMP NAT 2023 T4 CB TF;24 313;2 500;10;8 990
28/03/2025;TNBII1MJCEF3;EMP NAT 2023 T4 CB TF;7 781;0 800;10;8 990
28/03/2025;TN0008000747;BTA 7,2% Mai 2027;1 316;1 400;31;8 900
28/03/2025;TN0008000747;BTA 7,2% Mai 2027;1 222;1 300;31;8 900
28/03/2025;TN0008000747;BTA 7,2% Mai 2027;639;0 680;31;8 900
28/03/2025;TNBII1MJCEF3;EMP NAT 2023 T4 CB TF;4 863;0 500;31;8 990
28/03/2025;TNBII1MJCEF3;EMP NAT 2023 T4 CB TF;972;0 100;32;8 990
28/03/2025;TN0008000622;BTA 6,3% Mars 2026;10 200;10 000;300;7 990
28/03/2025;TNBII1MJCEF3;EMP NAT 2023 T4 CB TF;14 588;1 500;10;8 990
28/03/2025;TNUWXR58DVH5;EMP NAT 2024 T1 CB TF;10 000;1 000;299;9 000
28/03/2025;TNPDPODY2398;EMP NAT 2024 T3 CC TF;10 000;1 000;158;8 750
28/03/2025;TNPDPODY2398;EMP NAT 2024 T3 CC TF;15 000;1 500;158;8 750
28/03/2025;TNPDPODY2398;EMP NAT 2024 T3 CC TF;8 000;0 800;116;9 140
28/03/2025;TN0008000705;BTA 6,5% Juin 2025;4 755;5 001;10;8 990
28/03/2025;TN0008000705;BTA 6,5% Juin 2025;2 853;3 000;12;8 990
28/03/2025;TN0008000622;BTA 6,3% Mars 2026;3 878;3 790;270;7 990
28/03/2025;TN9092FJVKK8;EMP NAT 2024 T4 CB TF;136 324;14 000;38;8 990
28/03/2025;TN9092FJVKK8;EMP NAT 2024 T4 CB TF;5 843;0 600;38;8 990
28/03/2025;TN9092FJVKK8;EMP NAT 2024 T4 CB TF;17 528;1 800;38;8 990
28/03/2025;TN9092FJVKK8;EMP NAT 2024 T4 CB TF;4 869;0 500;38;8 990
28/03/2025;TNPDPODY2398;EMP NAT 2024 T3 CC TF;92 000;9 200;18;9 100
28/03/2025;TNPDPODY2398;EMP NAT 2024 T3 CC TF;12 000;1 200;18;9 100
28/03/2025;TN9092FJVKK8;EMP NAT 2024 T4 CB TF;19 475;2 000;21;8 990
28/03/2025;TN9092FJVKK8;EMP NAT 2024 T4 CB TF;29 213;3 000;21;8 990
28/03/2025;TN0008000747;BTA 7,2% Mai 2027;1 967;2 001;21;8 990
28/03/2025;TN0008000747;BTA 7,2% Mai 2027;2 950;3 001;21;8 990
28/03/2025;TNHG2VXQ3BG0;EMP NAT 2022 T1 CB TF;19 026;1 500;354;8 990
28/04/2025;TN0008000606;BTA 6,7% Avril 2028;6 981;7 000;182;8 470
28/04/2025;TN0008000622;BTA 6,3% Mars 2026;27 025;26 660;120;8 520
28/04/2025;TNOXRGYG8RL8;BTA 8% 24 Novembre 2025;9 700;10 000;91;8 900
28/04/2025;TN0008000812;BTA 7,5% 13/12/2028;618;0 650;8;8 250
28/04/2025;TN0008000812;BTA 7,5% 13/12/2028;238;0 250;8;8 250
28/04/2025;TN0008000812;BTA 7,5% 13/12/2028;266;0 280;8;8 250
28/04/2025;TN0008000812;BTA 7,5% 13/12/2028;1 900;2 000;4;8 250
28/04/2025;TN0008000812;BTA 7,5% 13/12/2028;1 900;2 000;8;8 250
28/04/2025;TN0008000812;BTA 7,5% 13/12/2028;190;0 200;43;8 250
28/04/2025;TN0008000812;BTA 7,5% 13/12/2028;420;0 403;120;8 490
28/04/2025;TN0008000812;BTA 7,5% 13/12/2028;4 940;5 200;30;8 250
28/04/2025;TN0008000739;BTA 7,4% Fevrier 2030;536;0 545;182;8 100
28/04/2025;TNPDPODY2398;EMP NAT 2024 T3 CC TF;89 500;8 950;11;8 990
28/04/2025;TNPDPODY2398;EMP NAT 2024 T3 CC TF;11 500;1 150;11;8 990
28/04/2025;TN0008000812;BTA 7,5% 13/12/2028;1 000;1 000;23;8 000
28/04/2025;TN0008000622;BTA 6,3% Mars 2026;2 027;2 000;120;8 500
28/04/2025;TNXJGTXAROH4;BTA 9,90% 26 décembre 2034;1 257;1 299;95;7 750
28/04/2025;TNCYAUILJ413;BTA 9,87% 08 Janvier 2032;243;0 250;84;7 910
28/04/2025;TNMUZFAMCT05;BTCT 52 semaines 14102025;70 000;67 332;10;8 000
28/04/2025;TN3E0X2QE0C0;BTC 52 semaines 20052025;23 123;23 000;10;8 000
28/04/2025;TN0008000622;BTA 6,3% Mars 2026;2 027;2 000;120;8 500
28/04/2025;TNBII1MJCEF3;EMP NAT 2023 T4 CB TF;28 911;3 000;57;9 840
28/04/2025;TNBII1MJCEF3;EMP NAT 2023 T4 CB TF;5 783;0 600;7;8 910
28/04/2025;TNBII1MJCEF3;EMP NAT 2023 T4 CB TF;62 640;6 500;7;8 910
28/04/2025;TNBII1MJCEF3;EMP NAT 2023 T4 CB TF;3 373;0 350;7;8 910
28/04/2025;TNBII1MJCEF3;EMP NAT 2023 T4 CB TF;9 637;1 000;10;8 910
28/04/2025;TNBII1MJCEF3;EMP NAT 2023 T4 CB TF;48 184;5 000;30;8 410
28/04/2025;TN0008000770;BTA 7,3% Decembre 2027;1 361;1 400;91;8 350
28/04/2025;TN0008000770;BTA 7,3% Decembre 2027;1 264;1 300;91;8 350
28/04/2025;TN0008000770;BTA 7,3% Decembre 2027;661;0 680;91;8 350
28/04/2025;TNGCLJS7FYQ7;EMP NAT 2024 T4 CC TF;15 000;1 500;221;9 750
28/04/2025;TNRS9CVT3SJ7;EMP NAT 2023 T3 CB TV;9 000;0 900;30;9 750
28/04/2025;TNGCLJS7FYQ7;EMP NAT 2024 T4 CC TF;10 000;1 000;221;9 750
28/04/2025;TNPDPODY2398;EMP NAT 2024 T3 CC TF;5 500;0 550;30;9 750
28/05/2025;TNN50G7PX8W5;EMP NAT 2023 T2 CB TV;40 000;4 000;184;8 500
28/05/2025;TNXJGTXAROH4;BTA 9,90% 26 décembre 2034;380;0 400;124;7 800
28/05/2025;TN0008000721;BTA 7,2% Fevrier 2027;100;0 100;28;9 500
28/05/2025;TN0008000721;BTA 7,2% Fevrier 2027;900;0 900;28;9 500
28/05/2025;TNX0K9990B08;EMP NAT 2024 T2 CB TF;64 313;6 500;351;9 950
28/05/2025;TN0008000622;BTA 6,3% Mars 2026;15 060;14 999;12;7 500
28/05/2025;TNN50G7PX8W5;EMP NAT 2023 T2 CB TV;10 000;1 000;12;8 600
28/05/2025;TNN50G7PX8W5;EMP NAT 2023 T2 CB TV;90 000;9 000;19;8 600
28/05/2025;TNX0K9990B08;EMP NAT 2024 T2 CB TF;9 895;1 000;29;8 500
28/05/2025;TNX0K9990B08;EMP NAT 2024 T2 CB TF;42 546;4 300;8;8 500
28/05/2025;TNX0K9990B08;EMP NAT 2024 T2 CB TF;14 842;1 500;15;8 500
28/05/2025;TNX0K9990B08;EMP NAT 2024 T2 CB TF;49 472;5 000;30;8 500
29/01/2025;TN0008000796;BTA 7,5% Janvier 2028;2 650;3 000;358;8 640
29/01/2025;TN0008000796;BTA 7,5% Janvier 2028;3 798;4 300;358;8 640
29/01/2025;TN0008000796;BTA 7,5% Janvier 2028;3 533;4 000;358;8 690
29/01/2025;TN0008000796;BTA 7,5% Janvier 2028;2 385;2 700;358;8 670
29/01/2025;TNX0K9990B08;EMP NAT 2024 T2 CB TF;15 000;1 500;61;9 100
29/01/2025;TN0008000796;BTA 7,5% Janvier 2028;2 857;2 700;356;9 000
29/01/2025;TN0008000796;BTA 7,5% Janvier 2028;6 878;6 500;356;9 000
29/01/2025;TNCR2TMAK1K8;EMP NAT 2023 T2 CB TF;23 685;2 530;7;8 000
29/01/2025;TNFC8O7A98F4;EMP NAT 2024 T3 CB TF;57 941;6 000;147;9 840
29/01/2025;TNFC8O7A98F4;EMP NAT 2024 T3 CB TF;193 134;20 000;30;8 990
29/01/2025;TNN50G7PX8W5;EMP NAT 2023 T2 CB TV;2 000;0 200;35;9 000
29/01/2025;TNN50G7PX8W5;EMP NAT 2023 T2 CB TV;4 300;0 430;35;9 000
29/01/2025;TN0008000606;BTA 6,7% Avril 2028;112;0 119;57;7 500
29/01/2025;TN0008000622;BTA 6,3% Mars 2026;284;0 300;29;7 500
29/01/2025;TN0008000747;BTA 7,2% Mai 2027;950;1 000;90;9 840
29/01/2025;TN0008000622;BTA 6,3% Mars 2026;568;0 600;30;7 990
29/01/2025;TNFC8O7A98F4;EMP NAT 2024 T3 CB TF;67 597;7 000;15;8 990
29/01/2025;TN0008000580;BTA 6,3% Octobre 2026;344;0 350;90;7 990
29/01/2025;TNFC8O7A98F4;EMP NAT 2024 T3 CB TF;41 524;4 300;7;8 990
29/04/2025;TN0008000812;BTA 7,5% 13/12/2028;626;0 600;10;9 230
29/04/2025;TNX0K9990B08;EMP NAT 2024 T2 CB TF;8 000;0 800;14;8 990
29/04/2025;TNBII1MJCEF3;EMP NAT 2023 T4 CB TF;85 000;8 500;13;8 990
29/04/2025;TNRS9CVT3SJ7;EMP NAT 2023 T3 CB TV;4 000;0 400;23;8 000
29/04/2025;TNBII1MJCEF3;EMP NAT 2023 T4 CB TF;139 550;14 500;3;8 910
29/04/2025;TNBII1MJCEF3;EMP NAT 2023 T4 CB TF;16 361;1 700;90;8 410
29/04/2025;TNBII1MJCEF3;EMP NAT 2023 T4 CB TF;19 249;2 000;3;8 910
29/04/2025;TNBII1MJCEF3;EMP NAT 2023 T4 CB TF;2 888;0 300;17;7 410
29/04/2025;TNBII1MJCEF3;EMP NAT 2023 T4 CB TF;963;0 100;9;7 410
29/05/2025;TNX0K9990B08;EMP NAT 2024 T2 CB TF;7 914;0 800;14;8 500
29/05/2025;TNX0K9990B08;EMP NAT 2024 T2 CB TF;24 729;2 500;90;8 500
29/05/2025;TNX0K9990B08;EMP NAT 2024 T2 CB TF;9 892;1 000;7;8 500
29/05/2025;TNAAGB5WL0L0;BH LEASING 2024-2;1 000;0 100;29;9 250
29/05/2025;TN54R4G06T00;ENDA TAMWEEL 2023-1 CA TF;10 000;0 800;29;9 250
29/05/2025;TNAAGB5WL0L0;BH LEASING 2024-2;5 000;0 500;32;9 250
29/05/2025;TNZW31OFWNB5;MICROCRED 2024-1 TV;7 000;0 700;32;9 250
29/05/2025;TN0008000812;BTA 7,5% 13/12/2028;1 638;1 750;13;7 750
29/05/2025;TNLRQIP0OJY4;BTA 9% septembre 2029;18;0 019;60;7 000
29/05/2025;TN0008000762;BTA 8% Novembre 2030;3 081;2 999;12;7 500
29/05/2025;TNLRQIP0OJY4;BTA 9% septembre 2029;81;0 084;60;7 000
29/05/2025;TNBII1MJCEF3;EMP NAT 2023 T4 CB TF;10 000;1 000;12;8 600
29/05/2025;TNBII1MJCEF3;EMP NAT 2023 T4 CB TF;52 500;5 250;19;8 600
29/05/2025;TNLRQIP0OJY4;BTA 9% septembre 2029;671;0 700;60;7 000
29/05/2025;TN0008000812;BTA 7,5% 13/12/2028;4 866;5 200;13;7 750
29/05/2025;TNX0K9990B08;EMP NAT 2024 T2 CB TF;79 133;8 000;19;8 500
29/05/2025;TNX0K9990B08;EMP NAT 2024 T2 CB TF;9 892;1 000;12;8 500
29/05/2025;TNX0K9990B08;EMP NAT 2024 T2 CB TF;14 838;1 500;18;8 500
29/05/2025;TN0008000762;BTA 8% Novembre 2030;767;0 800;14;8 500
29/05/2025;TN0008000762;BTA 8% Novembre 2030;479;0 500;90;8 150
29/05/2025;TN0008000762;BTA 8% Novembre 2030;3 838;4 000;7;8 500
30/01/2025;TNN50G7PX8W5;EMP NAT 2023 T2 CB TV;5 000;0 500;57;9 100
30/01/2025;TNFC8O7A98F4;EMP NAT 2024 T3 CB TF;48 271;5 000;20;8 990
30/01/2025;TNFC8O7A98F4;EMP NAT 2024 T3 CB TF;3 862;0 400;15;8 990
30/01/2025;TNFC8O7A98F4;EMP NAT 2024 T3 CB TF;9 655;1 000;15;8 990
30/01/2025;TNFC8O7A98F4;EMP NAT 2024 T3 CB TF;43 444;4 500;15;8 990
30/01/2025;TNUWXR58DVH5;EMP NAT 2024 T1 CB TF;7 500;0 750;11;9 100
30/01/2025;TNUWXR58DVH5;EMP NAT 2024 T1 CB TF;60 000;6 000;11;9 100
30/01/2025;TNUWXR58DVH5;EMP NAT 2024 T1 CB TF;52 500;5 250;12;9 100
30/01/2025;TN0008000655;BTA 6,6% Mars 2027;801;0 800;40;9 000
30/01/2025;TNFC8O7A98F4;EMP NAT 2024 T3 CB TF;28 963;3 000;20;8 990
30/01/2025;TNFC8O7A98F4;EMP NAT 2024 T3 CB TF;48 271;5 000;97;9 840
30/01/2025;TNFC8O7A98F4;EMP NAT 2024 T3 CB TF;38 617;4 000;8;8 990
30/01/2025;TNFC8O7A98F4;EMP NAT 2024 T3 CB TF;26 067;2 700;6;8 990
30/01/2025;TN0008000739;BTA 7,4% Fevrier 2030;4 675;5 000;11;8 990
30/01/2025;TN0008000796;BTA 7,5% Janvier 2028;39 022;39 050;32;9 640
30/01/2025;TN0008000622;BTA 6,3% Mars 2026;1 893;2 000;22;8 990
30/01/2025;TN0008000812;BTA 7,5% 13/12/2028;1 358;1 400;21;8 250
30/01/2025;TN0008000812;BTA 7,5% 13/12/2028;1 358;1 400;21;8 250
30/01/2025;TNFC8O7A98F4;EMP NAT 2024 T3 CB TF;4 828;0 500;15;8 990
30/04/2025;TN0008000739;BTA 7,4% Fevrier 2030;2 265;2 300;61;8 750
30/04/2025;TN0008000739;BTA 7,4% Fevrier 2030;2 265;2 300;19;7 500
30/04/2025;TN0008000739;BTA 7,4% Fevrier 2030;5 712;5 800;12;7 500
30/04/2025;TN0008000606;BTA 6,7% Avril 2028;5 635;5 653;30;9 100
30/04/2025;TN0008000663;BTA 7,5% Juillet 2032;235;0 250;29;7 500
30/04/2025;TN0008000812;BTA 7,5% 13/12/2028;285;0 300;61;8 250
30/04/2025;TNFC8O7A98F4;EMP NAT 2024 T3 CB TF;14 148;1 500;2;8 910
30/04/2025;TN0008000812;BTA 7,5% 13/12/2028;614;0 647;12;7 910
30/04/2025;TN9092FJVKK8;EMP NAT 2024 T4 CB TF;48 201;5 000;2;8 910
30/04/2025;TN9092FJVKK8;EMP NAT 2024 T4 CB TF;86 762;9 000;16;8 910
30/04/2025;TN0008000838;EMP NAT T1 2021 CB;6 500;0 650;30;8 290
30/04/2025;TN0008000838;EMP NAT T1 2021 CB;3 800;0 380;40;8 290
30/04/2025;TN0008000838;EMP NAT T1 2021 CB;3 100;0 310;40;8 290
30/04/2025;TNX0K9990B08;EMP NAT 2024 T2 CB TF;80 000;8 000;13;8 990
30/04/2025;TNPDPODY2398;EMP NAT 2024 T3 CC TF;2 500;0 250;14;8 990
30/04/2025;TN0008000762;BTA 8% Novembre 2030;12 517;12 000;23;8 500
30/04/2025;TN0008000762;BTA 8% Novembre 2030;12 517;12 000;27;8 500
30/04/2025;TN0008000762;BTA 8% Novembre 2030;12 517;12 000;30;8 500
30/04/2025;TN0008000762;BTA 8% Novembre 2030;3 860;3 701;27;8 500
30/04/2025;TNFC8O7A98F4;EMP NAT 2024 T3 CB TF;113 178;12 000;23;8 500
30/04/2025;TNFC8O7A98F4;EMP NAT 2024 T3 CB TF;14 148;1 500;27;8 500
30/04/2025;TNFC8O7A98F4;EMP NAT 2024 T3 CB TF;113 178;12 000;30;8 500
30/04/2025;TN0008000622;BTA 6,3% Mars 2026;991;1 000;12;8 500
30/04/2025;TNFC8O7A98F4;EMP NAT 2024 T3 CB TF;133 927;14 200;27;8 500
30/04/2025;TNFC8O7A98F4;EMP NAT 2024 T3 CB TF;925;0 098;61;8 500
30/04/2025;TNFC8O7A98F4;EMP NAT 2024 T3 CB TF;94 315;10 000;9;8 910
30/04/2025;TNFC8O7A98F4;EMP NAT 2024 T3 CB TF;9 432;1 000;26;8 910
30/04/2025;TNFC8O7A98F4;EMP NAT 2024 T3 CB TF;28 295;3 000;22;8 500
30/04/2025;TNFC8O7A98F4;EMP NAT 2024 T3 CB TF;37 726;4 000;2;8 910
30/05/2025;TNX0K9990B08;EMP NAT 2024 T2 CB TF;29 667;3 000;6;8 500
30/05/2025;TNX0K9990B08;EMP NAT 2024 T2 CB TF;79 112;8 000;10;8 500
30/05/2025;TNX0K9990B08;EMP NAT 2024 T2 CB TF;9 889;1 000;91;8 500
30/05/2025;TNX0K9990B08;EMP NAT 2024 T2 CB TF;4 945;0 500;10;8 500
30/05/2025;TNX0K9990B08;EMP NAT 2024 T2 CB TF;17 801;1 800;20;8 500
30/05/2025;TN0008000747;BTA 7,2% Mai 2027;10 258;9 935;343;8 500
30/05/2025;TNN50G7PX8W5;EMP NAT 2023 T2 CB TV;80 000;8 000;350;8 400
30/05/2025;TN0008000812;BTA 7,5% 13/12/2028;853;0 975;14;7 500
30/05/2025;TNN50G7PX8W5;EMP NAT 2023 T2 CB TV;52 000;5 200;19;8 600
30/05/2025;TNN50G7PX8W5;EMP NAT 2023 T2 CB TV;14 700;1 470;12;8 600
30/05/2025;TNN50G7PX8W5;EMP NAT 2023 T2 CB TV;6 500;0 650;34;8 290
30/05/2025;TN0008000721;BTA 7,2% Fevrier 2027;3 035;3 100;11;7 250
30/05/2025;TN0008000747;BTA 7,2% Mai 2027;5 750;5 800;11;7 250
30/05/2025;TN0008000606;BTA 6,7% Avril 2028;5 647;5 696;32;9 100
30/05/2025;TNAO0T7V1X56;EMP NAT 2024 T3 CB TV;630;0 065;90;7 500
30/05/2025;TNLBC9INKV10;EMP NAT 2024 T3 CC TV;139 275;14 511;90;7 500
30/05/2025;TN0LAJZU8LX6;EMP NAT 2023 T3 CC TV;50 000;5 237;90;7 500
30/05/2025;TNXJGTXAROH4;BTA 9,90% 26 décembre 2034;113 960;119 999;39;8 000
30/05/2025;TNBII1MJCEF3;EMP NAT 2023 T4 CB TF;14 239;1 500;3;8 500
30/05/2025;TNX0K9990B08;EMP NAT 2024 T2 CB TF;197 780;20 000;24;8 500
30/05/2025;TNX0K9990B08;EMP NAT 2024 T2 CB TF;22 745;2 300;31;8 500
30/05/2025;TNX0K9990B08;EMP NAT 2024 T2 CB TF;4 945;0 500;94;8 500
30/05/2025;TNLRQIP0OJY4;BTA 9% septembre 2029;2 576;2 687;90;7 500
30/05/2025;TNX0K9990B08;EMP NAT 2024 T2 CB TF;98 890;10 000;10;8 500
30/05/2025;TNX0K9990B08;EMP NAT 2024 T2 CB TF;9 889;1 000;31;8 500
30/05/2025;TN0008000762;BTA 8% Novembre 2030;8 216;8 001;14;8 500
30/05/2025;TN0008000762;BTA 8% Novembre 2030;3 081;3 000;28;8 500
30/05/2025;TNBII1MJCEF3;EMP NAT 2023 T4 CB TF;75 939;8 000;14;8 500
30/05/2025;TNBII1MJCEF3;EMP NAT 2023 T4 CB TF;28 478;3 000;28;8 500
30/06/2025;TN0008000747;BTA 7,2% Mai 2027;34 724;33 900;32;8 620
30/06/2025;TN0008000739;BTA 7,4% Fevrier 2030;4 086;4 200;15;8 500
30/06/2025;TN0008000606;BTA 6,7% Avril 2028;492;0 500;7;8 500
30/06/2025;TN85TI1TIY25;EMP NAT 2024 T1 CC TV;149 625;15 331;150;7 500
30/06/2025;TN45VKDAPM79;EMP NAT 2024 T4 CB TV;10 000;1 037;150;7 500
30/06/2025;TNMCPXLL1EE2;EMP NAT 2023 T4 CB TV;30 000;3 132;150;7 500
30/06/2025;TNRLFZ5FIX29;EMP NAT 2024 T1 CC TF;2 882;0 303;70;7 500
30/06/2025;TNRS9CVT3SJ7;EMP NAT 2023 T3 CB TV;15 000;1 602;70;7 500
30/06/2025;TNCR2TMAK1K8;EMP NAT 2023 T2 CB TF;5 000;0 510;70;7 500
30/06/2025;TN0LAJZU8LX6;EMP NAT 2023 T3 CC TV;50 000;5 347;70;7 500
30/06/2025;TN0008000721;BTA 7,2% Fevrier 2027;1 200;1 200;30;9 250
30/06/2025;TNN0SOORH1F1;BTA 8,25% juin 2031;9 780;9 238;70;7 500
30/06/2025;TNVFSFLG1FH4;EMP NAT 2022 T4 CC TV;10 000;1 000;7;8 600
30/06/2025;TNRS9CVT3SJ7;EMP NAT 2023 T3 CB TV;50 000;5 000;11;8 600
30/06/2025;TNRS9CVT3SJ7;EMP NAT 2023 T3 CB TV;50 000;5 000;10;8 600
30/06/2025;TN0008000663;BTA 7,5% Juillet 2032;2 770;3 000;1;7 500
30/06/2025;TN0008000895;EMPRUNT NATIONAL 2021 T2 CB;18 700;2 000;1;7 500
30/06/2025;TNX0K9990B08;EMP NAT 2024 T2 CB TF;110 692;11 300;15;8 500
30/06/2025;TNX0K9990B08;EMP NAT 2024 T2 CB TF;97 958;10 000;21;8 500
30/06/2025;TN0008000812;BTA 7,5% 13/12/2028;372;0 400;30;7 750
30/06/2025;TNN50G7PX8W5;EMP NAT 2023 T2 CB TV;10 000;1 000;28;9 250
30/06/2025;TNX0K9990B08;EMP NAT 2024 T2 CB TF;95 999;9 800;30;8 500
30/06/2025;TNX0K9990B08;EMP NAT 2024 T2 CB TF;73 469;7 500;22;8 500
30/06/2025;TNX0K9990B08;EMP NAT 2024 T2 CB TF;3 429;0 350;45;8 500
30/06/2025;TNX0K9990B08;EMP NAT 2024 T2 CB TF;6 368;0 650;14;8 500
30/06/2025;TN0008000762;BTA 8% Novembre 2030;10 166;10 000;21;8 500
30/06/2025;TNX0K9990B08;EMP NAT 2024 T2 CB TF;956;0 098;22;8 500
30/06/2025;TN0008000762;BTA 8% Novembre 2030;9 963;9 801;30;8 500
30/06/2025;TN0008000812;BTA 7,5% 13/12/2028;1 017;1 000;30;8 500
30/06/2025;TNX0K9990B08;EMP NAT 2024 T2 CB TF;48 979;5 000;10;8 500
30/06/2025;TNX0K9990B08;EMP NAT 2024 T2 CB TF;48 979;5 000;30;8 500
30/06/2025;TNX0K9990B08;EMP NAT 2024 T2 CB TF;29 388;3 000;11;8 500
30/06/2025;TNX0K9990B08;EMP NAT 2024 T2 CB TF;19 592;2 000;11;8 500
30/06/2025;TNX0K9990B08;EMP NAT 2024 T2 CB TF;22 531;2 300;11;8 500
31/01/2025;TN0008000655;BTA 6,6% Mars 2027;1 001;1 000;33;9 000
31/01/2025;TNFC8O7A98F4;EMP NAT 2024 T3 CB TF;20 269;2 100;31;8 990
31/01/2025;TNFC8O7A98F4;EMP NAT 2024 T3 CB TF;96 517;10 000;10;8 990
31/01/2025;TNFC8O7A98F4;EMP NAT 2024 T3 CB TF;9 652;1 000;20;8 990
31/01/2025;TNFC8O7A98F4;EMP NAT 2024 T3 CB TF;38 607;4 000;10;8 990
31/01/2025;TNFC8O7A98F4;EMP NAT 2024 T3 CB TF;48 259;5 000;10;8 990
31/01/2025;TNN50G7PX8W5;EMP NAT 2023 T2 CB TV;12 000;1 200;20;9 600
31/01/2025;TNN50G7PX8W5;EMP NAT 2023 T2 CB TV;15 000;1 500;20;9 600
31/01/2025;TN0008000663;BTA 7,5% Juillet 2032;1 440;1 500;145;9 840
31/01/2025;TNGNCCQYSMR1;BTA 9.9% decembre 2033;492;0 500;53;8 750
31/01/2025;TN0008000655;BTA 6,6% Mars 2027;701;0 701;10;9 000
31/01/2025;TN3C6DVEWM76;EMP NAT 2023 T1 CB TV;60 000;6 000;12;9 100
31/01/2025;TN3C6DVEWM76;EMP NAT 2023 T1 CB TV;50 000;5 000;13;9 100
31/01/2025;TNFC8O7A98F4;EMP NAT 2024 T3 CB TF;3 379;0 350;10;8 990
31/01/2025;TN0008000747;BTA 7,2% Mai 2027;1 911;2 100;31;8 250
31/01/2025;TN0008000622;BTA 6,3% Mars 2026;1 893;2 000;21;8 990
31/01/2025;TN0008000622;BTA 6,3% Mars 2026;1 135;1 200;31;8 890
